Date,Open,High,Low,Close,Adj Close,Volume
2020-01-01,119.6699,120.9902,118.7126,120.03,120.03,1000000
2020-01-02,119.8645,121.1869,118.9056,120.2251,120.2251,1192118
2020-01-03,120.2221,121.5485,119.2603,120.5838,120.5838,1383099
2020-01-06,120.7395,122.0716,119.7736,121.1028,121.1028,1571816
2020-01-07,121.4122,122.7518,120.4409,121.7775,121.7775,1757150
2020-01-08,122.234,123.5826,121.2561,122.6018,122.6018,1938006
2020-01-09,123.1973,124.5566,122.2117,123.568,123.568,2113315
2020-01-10,124.2931,125.6645,123.2988,124.6671,124.6671,2282039
2020-01-13,125.5111,126.8959,124.507,125.8888,125.8888,2443181
2020-01-14,126.8396,128.239,125.8249,127.2213,127.2213,2595788
2020-01-15,128.2658,129.681,127.2397,128.6517,128.6517,2738956
2020-01-16,129.7758,131.2077,128.7376,130.1663,130.1663,2871841
2020-01-17,131.3551,132.8043,130.3042,131.7503,131.7503,2993654
2020-01-20,132.9882,134.4555,131.9243,133.3884,133.3884,3103677
2020-01-21,134.6595,136.1452,133.5822,135.0647,135.0647,3201258
2020-01-22,136.3532,137.8576,135.2624,136.7635,136.7635,3285820
2020-01-23,138.0537,139.5769,136.9493,138.4692,138.4692,3356864
2020-01-24,139.7461,141.2879,138.6281,140.1666,140.1666,3413968
2020-01-27,141.4161,142.9763,140.2847,141.8416,141.8416,3456795
2020-01-28,143.0508,144.6291,141.9064,143.4813,143.4813,3485093
2020-01-29,144.639,146.2349,143.4819,145.0743,145.0743,3498693
2020-01-30,146.1712,147.7839,145.0018,146.611,146.611,3497515
2020-01-31,147.64,149.269,146.4589,148.0843,148.0843,3481566
2020-02-03,149.0405,150.6849,147.8482,149.489,149.489,3450941
2020-02-04,150.3702,152.0293,149.1673,150.8227,150.8227,3405820
2020-02-05,151.6292,153.3021,150.4161,152.0854,152.0854,3346470
2020-02-06,152.82,154.5061,151.5975,153.2799,153.2799,3273243
2020-02-07,153.948,155.6465,152.7164,154.4112,154.4112,3186571
2020-02-10,155.0206,156.731,153.7805,155.4871,155.4871,3086968
2020-02-11,156.0477,157.7694,154.7993,156.5173,156.5173,2975022
2020-02-12,157.0409,158.7735,155.7845,157.5134,157.5134,2851395
2020-02-13,158.0134,159.7568,156.7493,158.4889,158.4889,2716818
2020-02-14,158.9799,160.734,157.7081,159.4583,159.4583,2572087
2020-02-17,159.956,161.7208,158.6763,160.4373,160.4373,2418059
2020-02-18,160.9575,162.7334,159.6698,161.4418,161.4418,2255644
2020-02-19,162.0008,163.7882,160.7048,162.4883,162.4883,2085803
2020-02-20,163.102,164.9015,161.7972,163.5928,163.5928,1909541
2020-02-21,164.2764,166.0889,162.9622,164.7708,164.7708,1727899
2020-02-24,165.5388,167.3652,164.2145,166.0369,166.0369,1541952
2020-02-25,166.9024,168.7439,165.5672,167.4047,167.4047,1352800
2020-02-26,168.3792,170.237,167.0322,168.8859,168.8859,1161561
2020-02-27,169.9792,171.8546,168.6194,170.4907,170.4907,1030632
2020-02-28,171.7104,173.6049,170.3367,172.227,172.227,1222646
2020-03-02,173.5784,175.4935,172.1898,174.1007,174.1007,1413342
2020-03-03,175.5866,177.5239,174.1819,176.1149,176.1149,1601594
2020-03-04,177.7354,179.6963,176.3135,178.2702,178.2702,1786287
2020-03-05,180.0223,182.0085,178.5821,180.564,180.564,1966331
2020-03-06,182.4421,184.455,180.9825,182.991,182.991,2140659
2020-03-09,184.9861,187.0271,183.5062,185.5427,185.5427,2308241
2020-03-10,187.6427,189.713,186.1416,188.2074,188.2074,2468086
2020-03-11,190.3971,192.4978,188.8739,190.97,190.97,2619248
2020-03-12,193.2311,195.363,191.6852,193.8125,193.8125,2760834
2020-03-13,196.1237,198.2875,194.5547,196.7138,196.7138,2892006
2020-03-16,199.051,201.2471,197.4586,199.6499,199.6499,3011988
2020-03-17,201.9865,204.215,200.3706,202.5943,202.5943,3120070
2020-03-18,204.9016,207.1623,203.2624,205.5181,205.5181,3215614
2020-03-19,207.7659,210.0582,206.1038,208.3911,208.3911,3298054
2020-03-20,210.548,212.871,208.8636,211.1815,211.1815,3366903
2020-03-23,213.2157,215.5681,211.51,213.8573,213.8573,3421754
2020-03-24,215.7373,218.1175,214.0114,216.3864,216.3864,3462281
2020-03-25,218.0817,220.4879,216.3371,218.738,218.738,3488246
2020-03-26,220.22,222.6497,218.4582,220.8826,220.8826,3499495
2020-03-27,222.1252,224.5759,220.3482,222.7936,222.7936,3495962
2020-03-30,223.774,226.2429,221.9838,224.4473,224.4473,3477667
2020-03-31,225.1469,227.6309,223.3457,225.8244,225.8244,3444718
2020-04-01,226.2288,228.7248,224.4189,226.9095,226.9095,3397310
2020-04-02,227.0096,229.5142,225.1935,227.6927,227.6927,3335724
2020-04-03,227.4845,229.9944,225.6646,228.169,228.169,3260325
2020-04-06,227.654,230.1658,225.8328,228.3391,228.3391,3171557
2020-04-07,227.5241,230.0344,225.7039,228.2088,228.2088,3069946
2020-04-08,227.1058,229.6115,225.2889,227.7892,227.7892,2956092
2020-04-09,226.4149,228.9129,224.6035,227.0962,227.0962,2830670
2020-04-10,225.4714,227.9591,223.6677,226.1499,226.1499,2694421
2020-04-13,224.2992,226.774,222.5048,224.9742,224.9742,2548151
2020-04-14,222.9249,225.3845,221.1415,223.5957,223.5957,2392725
2020-04-15,221.3774,223.8198,219.6064,222.0435,222.0435,2229061
2020-04-16,219.6867,222.1105,217.9292,220.3477,220.3477,2058129
2020-04-17,217.8837,220.2876,216.1406,218.5393,218.5393,1880939
2020-04-20,215.9989,218.382,214.2709,216.6488,216.6488,1698538
2020-04-21,214.0619,216.4237,212.3494,214.7061,214.7061,1512006
2020-04-22,212.101,214.4412,210.4042,212.7393,212.7393,1322447
2020-04-23,210.1423,212.4608,208.4611,210.7746,210.7746,1130980
2020-04-24,208.2092,210.5064,206.5436,208.8357,208.8357,1061261
2020-04-27,206.3226,208.599,204.6721,206.9435,206.9435,1253140
2020-04-28,204.5,206.7563,202.864,205.1154,205.1154,1443522
2020-04-29,202.7558,204.9928,201.1337,203.3659,203.3659,1631281
2020-04-30,201.1006,203.3194,199.4918,201.7057,201.7057,1815307
2020-05-01,199.542,201.7436,197.9457,200.1425,200.1425,1994510
2020-05-04,198.084,200.2695,196.4993,198.68,198.68,2167832
2020-05-05,196.7271,198.8976,195.1533,197.319,197.319,2334247
2020-05-06,195.4688,197.6255,193.9051,196.057,196.057,2492771
2020-05-07,194.3036,196.4474,192.7492,194.8883,194.8883,2642466
2020-05-08,193.2231,195.3549,191.6773,193.8045,193.8045,2782447
2020-05-11,192.2163,194.337,190.6785,192.7946,192.7946,2911887
2020-05-12,191.27,193.3803,189.7398,191.8455,191.8455,3030019
2020-05-13,190.3692,192.4696,188.8463,190.942,190.942,3136145
2020-05-14,189.4972,191.588,187.9813,190.0674,190.0674,3229637
2020-05-15,188.6363,190.7175,187.1272,189.2039,189.2039,3309943
2020-05-18,187.7678,189.8395,186.2657,188.3328,188.3328,3376587
2020-05-19,186.8732,188.9349,185.3782,187.4355,187.4355,3429176
2020-05-20,185.9337,187.9851,184.4462,186.4931,186.4931,3467398
2020-05-21,184.9315,186.9719,183.4521,185.488,185.488,3491026
2020-05-22,183.8502,185.8786,182.3794,184.4034,184.4034,3499923
2020-05-25,182.6745,184.69,181.2132,183.2242,183.2242,3494034
2020-05-26,181.3919,183.3932,179.9407,181.9377,181.9377,3473395
2020-05-27,179.9918,181.9777,178.5519,180.5334,180.5334,3438128
2020-05-28,178.4668,180.4358,177.0391,179.0038,179.0038,3388441
2020-05-29,176.8125,178.7633,175.398,177.3446,177.3446,3324628
2020-06-01,175.0278,176.9589,173.6276,175.5545,175.5545,3247067
2020-06-02,173.115,175.0249,171.73,173.6359,173.6359,3156216
2020-06-03,171.0794,172.9669,169.7108,171.5942,171.5942,3052612
2020-06-04,168.9299,170.7937,167.5785,169.4382,169.4382,2936869
2020-06-05,166.6782,168.5171,165.3447,167.1797,167.1797,2809671
2020-06-08,164.3385,166.1516,163.0238,164.833,164.833,2671770
2020-06-09,161.9275,163.714,160.632,162.4147,162.4147,2523982
2020-06-10,159.4636,161.2229,158.1878,159.9434,159.9434,2367181
2020-06-11,156.9665,158.6984,155.7108,157.4389,157.4389,2202294
2020-06-12,154.4571,156.1612,153.2214,154.9218,154.9218,2030296
2020-06-15,151.9562,153.6328,150.7406,152.4135,152.4135,1852204
2020-06-16,149.485,151.1343,148.2891,149.9348,149.9348,1669073
2020-06-17,147.0638,148.6864,145.8873,147.5063,147.5063,1481984
2020-06-18,144.7123,146.3089,143.5546,145.1478,145.1478,1292045
2020-06-19,142.4489,144.0205,141.3093,142.8775,142.8775,1100379
2020-06-22,140.2904,141.8382,139.1681,140.7125,140.7125,1091880
2020-06-23,138.2521,139.7775,137.1461,138.6681,138.6681,1283597
2020-06-24,136.3475,137.8518,135.2567,136.7577,136.7577,1473636
2020-06-25,134.5879,136.0728,133.5112,134.9928,134.9928,1660874
2020-06-26,132.9828,134.45,131.919,133.383,133.383,1844204
2020-06-29,131.5398,132.9911,130.4875,131.9356,131.9356,2022540
2020-06-30,130.2644,131.7017,129.2223,130.6564,130.6564,2194830
2020-07-01,129.1602,130.5852,128.1269,129.5489,129.5489,2360052
2020-07-02,128.2288,129.6436,127.203,128.6147,128.6147,2517231
2020-07-03,127.4703,128.8767,126.4505,127.8538,127.8538,2665437
2020-07-06,126.8826,128.2826,125.8676,127.2644,127.2644,2803793
2020-07-07,126.4625,127.8578,125.4508,126.843,126.843,2931481
2020-07-08,126.2047,127.5971,125.1951,126.5845,126.5845,3047745
2020-07-09,126.1028,127.4941,125.0939,126.4822,126.4822,3151899
2020-07-10,126.1487,127.5405,125.1395,126.5283,126.5283,3243326
2020-07-13,126.3332,127.727,125.3225,126.7133,126.7133,3321485
2020-07-14,126.6458,128.043,125.6326,127.0268,127.0268,3385915
2020-07-15,127.0748,128.4769,126.0582,127.4572,127.4572,3436233
2020-07-16,127.6079,129.0158,126.587,127.9918,127.9918,3472143
2020-07-17,128.2315,129.6463,127.2056,128.6173,128.6173,3493433
2020-07-20,128.9317,130.3542,127.9003,129.3197,129.3197,3499975
2020-07-21,129.6942,131.1251,128.6567,130.0845,130.0845,3491732
2020-07-22,130.5044,131.9442,129.4603,130.8971,130.8971,3468752
2020-07-23,131.3477,132.7968,130.2969,131.7429,131.7429,3431172
2020-07-24,132.2099,133.6686,131.1523,132.6078,132.6078,3379213
2020-07-27,133.0777,134.5459,132.013,133.4781,133.4781,3313182
2020-07-28,133.9382,135.4159,132.8667,134.3412,134.3412,3233471
2020-07-29,134.7801,136.2671,133.7018,135.1856,135.1856,3140551
2020-07-30,135.5934,137.0894,134.5087,136.0014,136.0014,3034971
2020-07-31,136.3701,137.8746,135.2791,136.7804,136.7804,2917356
2020-08-03,137.1037,138.6164,136.0069,137.5162,137.5162,2788401
2020-08-04,137.7902,139.3105,136.6879,138.2048,138.2048,2648869
2020-08-05,138.4278,139.955,137.3203,138.8443,138.8443,2499585
2020-08-06,139.0168,140.5506,137.9046,139.4351,139.4351,2341432
2020-08-07,139.56,141.0998,138.4436,139.98,139.98,2175345
2020-08-10,140.0625,141.6079,138.942,140.484,140.484,2002308
2020-08-11,140.5315,142.082,139.4072,140.9543,140.9543,1823342
2020-08-12,140.9759,142.5313,139.8481,141.4001,141.4001,1639507
2020-08-13,141.4068,142.967,140.2756,141.8323,141.8323,1451890
2020-08-14,141.8365,143.4014,140.7018,142.2633,142.2633,1261600
2020-08-17,142.2787,143.8484,141.1404,142.7068,142.7068,1069763
2020-08-18,142.7477,144.3227,141.6057,143.1773,143.1773,1122485
2020-08-19,143.2589,144.8394,142.1128,143.6899,143.6899,1314011
2020-08-20,143.8275,145.4143,142.6768,144.2602,144.2602,1503679
2020-08-21,144.4689,146.0629,143.3132,144.9036,144.9036,1690368
2020-08-24,145.1984,146.8004,144.0368,145.6353,145.6353,1872974
2020-08-25,146.0303,147.6415,144.8621,146.4697,146.4697,2050417
2020-08-26,146.9784,148.6,145.8026,147.4206,147.4206,2221648
2020-08-27,148.0552,149.6887,146.8708,148.5007,148.5007,2385653
2020-08-28,149.2721,150.9191,148.0779,149.7213,149.7213,2541464
2020-08-31,150.6388,152.3008,149.4337,151.0921,151.0921,2688158
2020-09-01,152.1633,153.8422,150.946,152.6212,152.6212,2824868
2020-09-02,153.8518,155.5493,152.621,154.3148,154.3148,2950785
2020-09-03,155.7084,157.4263,154.4627,156.1769,156.1769,3065164
2020-09-04,157.7348,159.4751,156.4729,158.2094,158.2094,3167330
2020-09-07,159.9305,161.695,158.6511,160.4117,160.4117,3256678
2020-09-08,162.2924,164.0829,160.994,162.7807,162.7807,3332679
2020-09-09,164.8146,166.633,163.4961,165.3105,165.3105,3394884
2020-09-10,167.4886,169.3366,166.1487,167.9926,167.9926,3442925
2020-09-11,170.3032,172.1822,168.9408,170.8156,170.8156,3476518
2020-09-14,173.244,175.1555,171.8581,173.7653,173.7653,3495464
2020-09-15,176.2942,178.2393,174.8838,176.8247,176.8247,3499652
2020-09-16,179.434,181.4137,177.9985,179.9739,179.9739,3489056
2020-09-17,182.6411,184.6562,181.18,183.1907,183.1907,3463739
2020-09-18,185.891,187.942,184.4039,186.4503,186.4503,3423851
2020-09-21,189.1572,191.2442,187.6439,189.7264,189.7264,3369628
2020-09-22,192.4115,194.5344,190.8723,192.9905,192.9905,3301390
2020-09-23,195.6249,197.7833,194.0599,196.2136,196.2136,3219541
2020-09-24,198.7676,200.9607,197.1775,199.3657,199.3657,3124565
2020-09-25,201.8102,204.0368,200.1957,202.4174,202.4174,3017024
2020-09-28,204.7239,206.9826,203.0861,205.3399,205.3399,2897554
2020-09-29,207.4814,209.7706,205.8216,208.1057,208.1057,2766861
2020-09-30,210.0579,212.3755,208.3774,210.6899,210.6899,2625719
2020-10-01,212.4311,214.7749,210.7317,213.0703,213.0703,2474962
2020-10-02,214.5824,216.95,212.8658,215.2281,215.2281,2315481
2020-10-05,216.4972,218.8859,214.7653,217.1487,217.1487,2148221
2020-10-06,218.1652,220.5722,216.4199,218.8217,218.8217,1974169
2020-10-07,219.5807,222.0033,217.824,220.2414,220.2414,1794356
2020-10-08,220.7429,223.1783,218.9769,221.4071,221.4071,1609845
2020-10-09,221.6556,224.1012,219.8824,222.3226,222.3226,1421728
2020-10-12,222.3274,224.7804,220.5488,222.9964,222.9964,1231116
2020-10-13,222.771,225.2289,220.9889,223.4414,223.4414,1039137
2020-10-14,223.0029,225.4633,221.2189,223.6739,223.6739,1153072
2020-10-15,223.0428,225.5037,221.2585,223.714,223.714,1344377
2020-10-16,222.9132,225.3726,221.1299,223.584,223.584,1533646
2020-10-19,222.6383,225.0947,220.8572,223.3082,223.3082,1719758
2020-10-20,222.2437,224.6958,220.4658,222.9125,222.9125,1901613
2020-10-21,221.7555,224.2021,219.9814,222.4227,222.4227,2078136
2020-10-22,221.1995,223.64,219.4299,221.8651,221.8651,2248283
2020-10-23,220.6009,223.0348,218.8361,221.2647,221.2647,2411047
2020-10-26,219.9834,222.4105,218.2235,220.6453,220.6453,2565465
2020-10-27,219.3687,221.789,217.6138,220.0288,220.0288,2710625
2020-10-28,218.7763,221.1901,217.0261,219.4346,219.4346,2845668
2020-10-29,218.223,220.6307,216.4772,218.8796,218.8796,2969796
2020-10-30,217.7223,220.1245,215.9805,218.3774,218.3774,3082273
2020-11-02,217.2848,219.6821,215.5465,217.9386,217.9386,3182436
2020-11-03,216.9174,219.3107,215.1821,217.5701,217.5701,3269691
2020-11-04,216.6237,219.0137,214.8907,217.2755,217.2755,3343522
2020-11-05,216.4038,218.7914,214.6725,217.0549,217.0549,3403493
2020-11-06,216.2541,218.6401,214.5241,216.9048,216.9048,3449250
2020-11-09,216.1679,218.5529,214.4386,216.8184,216.8184,3480521
2020-11-10,216.1351,218.5197,214.406,216.7854,216.7854,3497121
2020-11-11,216.1425,218.5273,214.4134,216.7929,216.7929,3498953
2020-11-12,216.1745,218.5595,214.4451,216.8249,216.8249,3486006
2020-11-13,216.2126,218.5981,214.4829,216.8631,216.8631,3458355
2020-11-16,216.2365,218.6223,214.5066,216.8872,216.8872,3416166
2020-11-17,216.2245,218.6101,214.4947,216.8751,216.8751,3359687
2020-11-18,216.1534,218.5383,214.4242,216.8038,216.8038,3289251
2020-11-19,215.9999,218.3831,214.2719,216.6499,216.6499,3205277
2020-11-20,215.7405,218.1208,214.0146,216.3897,216.3897,3108260
2020-11-23,215.3525,217.7285,213.6296,216.0005,216.0005,2998775
2020-11-24,214.8144,217.1845,213.0959,215.4608,215.4608,2877468
2020-11-25,214.1071,216.4693,212.3942,214.7513,214.7513,2745057
2020-11-26,213.2135,215.5659,211.5078,213.855,213.855,2602326
2020-11-27,212.12,214.4603,210.423,212.7583,212.7583,2450118
2020-11-30,210.8165,213.1425,209.13,211.4509,211.4509,2289333
2020-12-01,209.297,211.6062,207.6227,209.9268,209.9268,2120924
2020-12-02,207.5596,209.8496,205.8991,208.1842,208.1842,1945884
2020-12-03,205.6068,207.8753,203.962,206.2255,206.2255,1765251
2020-12-04,203.4456,205.6903,201.8181,204.0578,204.0578,1580092
2020-12-07,201.0872,203.3058,199.4785,201.6923,201.6923,1391502
2020-12-08,198.5466,200.7372,196.9583,199.1441,199.1441,1200597
2020-12-09,195.8427,198.0035,194.276,196.432,196.432,1008505
2020-12-10,192.9973,195.1267,191.4533,193.578,193.578,1183636
2020-12-11,190.0347,192.1313,188.5144,190.6065,190.6065,1374693
2020-12-14,186.981,189.044,185.4851,187.5436,187.5436,1563533
2020-12-15,183.8637,185.8923,182.3928,184.417,184.417,1749040
2020-12-16,180.7109,182.7047,179.2652,181.2546,181.2546,1930117
2020-12-17,177.5503,179.5092,176.1298,178.0845,178.0845,2105693
2020-12-18,174.4091,176.3334,173.0138,174.9339,174.9339,2274730
2020-12-21,171.3135,173.2036,169.943,171.829,171.829,2436228
2020-12-22,168.2877,170.1445,166.9414,168.7941,168.7941,2589231
2020-12-23,165.3542,167.1786,164.0314,165.8518,165.8518,2732836
2020-12-24,162.533,164.3263,161.2328,163.0221,163.0221,2866192
2020-12-25,159.8417,161.6052,158.563,160.3227,160.3227,2988511
2020-12-28,157.2951,159.0306,156.0368,157.7684,157.7684,3099069
2020-12-29,154.9056,156.6147,153.6664,155.3717,155.3717,3197213
2020-12-30,152.6826,154.3672,151.4612,153.142,153.142,3282363
2020-12-31,150.6331,152.295,149.428,151.0863,151.0863,3354013
2021-01-01,148.7613,150.4026,147.5712,149.2089,149.2089,3411742
2021-01-04,147.0691,148.6918,145.8926,147.5117,147.5117,3455207
2021-01-05,145.5561,147.162,144.3916,145.9941,145.9941,3484151
2021-01-06,144.2195,145.8107,143.0657,144.6535,144.6535,3498403
2021-01-07,143.0546,144.633,141.9102,143.4851,143.4851,3497879
2021-01-08,142.0549,143.6222,140.9185,142.4824,142.4824,3482583
2021-01-11,141.212,142.77,140.0823,141.6369,141.6369,3452603
2021-01-12,140.516,142.0664,139.3919,140.9389,140.9389,3408118
2021-01-13,139.9557,141.4998,138.836,140.3768,140.3768,3349391
2021-01-14,139.5185,141.0578,138.4023,139.9383,139.9383,3276769
2021-01-15,139.1909,140.7266,138.0774,139.6097,139.6097,3190682
2021-01-18,138.9587,140.4918,137.847,139.3768,139.3768,3091639
2021-01-19,138.8069,140.3383,137.6964,139.2245,139.2245,2980225
2021-01-20,138.7203,140.2508,137.6105,139.1377,139.1377,2857099
2021-01-21,138.6836,140.2137,137.5742,139.1009,139.1009,2722990
2021-01-22,138.6818,140.2119,137.5723,139.0991,139.0991,2578691
2021-01-25,138.7001,140.2304,137.5905,139.1175,139.1175,2425056
2021-01-26,138.7248,140.2553,137.615,139.1422,139.1422,2262992
2021-01-27,138.743,140.2737,137.633,139.1604,139.1604,2093458
2021-01-28,138.7433,140.274,137.6333,139.1607,139.1607,1917458
2021-01-29,138.7158,140.2463,137.6061,139.1332,139.1332,1736031
2021-02-01,138.6527,140.1825,137.5435,139.0699,139.0699,1550252
2021-02-02,138.548,140.0766,137.4396,138.9649,138.9649,1361218
2021-02-03,138.3978,139.9248,137.2907,138.8143,138.8143,1170047
2021-02-04,138.2009,139.7257,137.0953,138.6167,138.6167,1022128
2021-02-05,137.958,139.4801,136.8543,138.3731,138.3731,1214173
2021-02-08,137.6723,139.1912,136.5709,138.0865,138.0865,1404951
2021-02-09,137.3492,138.8646,136.2504,137.7625,137.7625,1593335
2021-02-10,136.9963,138.5077,135.9003,137.4085,137.4085,1778209
2021-02-11,136.6228,138.1302,135.5298,137.0339,137.0339,1958481
2021-02-12,136.2399,137.743,135.15,136.6498,136.6498,2133084
2021-02-15,135.86,137.3589,134.7731,136.2688,136.2688,2300986
2021-02-16,135.4966,136.9916,134.4126,135.9043,135.9043,2461193
2021-02-17,135.1642,136.6555,134.0829,135.5709,135.5709,2612759
2021-02-18,134.8777,136.3658,133.7987,135.2836,135.2836,2754786
2021-02-19,134.6522,136.1378,133.575,135.0574,135.0574,2886435
2021-02-22,134.5028,135.9868,133.4268,134.9075,134.9075,3006928
2021-02-23,134.4443,135.9276,133.3687,134.8488,134.8488,3115551
2021-02-24,134.4909,135.9747,133.415,134.8956,134.8956,3211661
2021-02-25,134.656,136.1417,133.5788,135.0612,135.0612,3294692
2021-02-26,134.9523,136.4412,133.8726,135.3583,135.3583,3364151
2021-03-01,135.3909,136.8847,134.3078,135.7983,135.7983,3419628
2021-03-02,135.9822,137.4825,134.8943,136.3913,136.3913,3460795
2021-03-03,136.7346,138.2432,135.6408,137.1461,137.1461,3487408
2021-03-04,137.6555,139.1743,136.5543,138.0697,138.0697,3499310
2021-03-05,138.7502,140.2811,137.6402,139.1677,139.1677,3496431
2021-03-08,140.0226,141.5675,138.9024,140.4439,140.4439,3478786
2021-03-09,141.4745,143.0354,140.3427,141.9002,141.9002,3446482
2021-03-10,143.1058,144.6847,141.9609,143.5364,143.5364,3399709
2021-03-11,144.9143,146.5132,143.755,145.3504,145.3504,3338743
2021-03-12,146.8959,148.5166,145.7207,147.3379,147.3379,3263945
2021-03-15,149.044,150.6884,147.8516,149.4925,149.4925,3175758
2021-03-16,151.3498,153.0197,150.139,151.8052,151.8052,3074703
2021-03-17,153.8024,155.4993,152.572,154.2652,154.2652,2961377
2021-03-18,156.3884,158.1139,155.1373,156.859,156.859,2836452
2021-03-19,159.0924,160.8477,157.8197,159.5712,159.5712,2700665
2021-03-22,161.8969,163.6831,160.6017,162.384,162.384,2554820
2021-03-23,164.7822,166.6002,163.4639,165.278,165.278,2399780
2021-03-24,167.7272,169.5777,166.3853,168.2319,168.2319,2236461
2021-03-25,170.7093,172.5927,169.3436,171.2229,171.2229,2065829
2021-03-26,173.7049,175.6214,172.3152,174.2276,174.2276,1888893
2021-03-29,176.6898,178.6392,175.2763,177.2215,177.2215,1706701
2021-03-30,179.6397,181.6217,178.2026,180.1802,180.1802,1520328
2021-03-31,182.5307,184.5446,181.0705,183.08,183.08,1330879
2021-04-01,185.34,187.3849,183.8573,185.8977,185.8977,1139472
2021-04-02,188.0461,190.1209,186.5418,188.612,188.612,1052758
2021-04-05,190.6299,192.7331,189.1048,191.2035,191.2035,1244677
2021-04-06,193.0745,195.2047,191.5299,193.6555,193.6555,1435149
2021-04-07,195.3665,197.522,193.8036,195.9544,195.9544,1623048
2021-04-08,197.4956,199.6746,195.9156,198.0898,198.0898,1807262
2021-04-09,199.4552,201.6558,197.8596,200.0554,200.0554,1986701
2021-04-12,201.2428,203.4631,199.6328,201.8483,201.8483,2160305
2021-04-13,202.8594,205.0976,201.2366,203.4698,203.4698,2327047
2021-04-14,204.3102,206.5644,202.6757,204.925,204.925,2485940
2021-04-15,205.6037,207.8721,203.9588,206.2223,206.2223,2636044
2021-04-16,206.7518,209.0329,205.0978,207.3739,207.3739,2776473
2021-04-19,207.7693,210.0617,206.1072,208.3945,208.3945,2906396
2021-04-20,208.6735,210.9758,207.0041,209.3014,209.3014,3025043
2021-04-21,209.4835,211.7947,207.8076,210.1138,210.1138,3131714
2021-04-22,210.2197,212.5391,208.5379,210.8522,210.8522,3225777
2021-04-23,210.9033,213.2302,209.2161,211.5379,211.5379,3306677
2021-04-26,211.5556,213.8898,209.8632,212.1922,212.1922,3373934
2021-04-27,212.1977,214.5389,210.5001,212.8362,212.8362,3427152
2021-04-28,212.8494,215.1978,211.1466,213.4899,213.4899,3466014
2021-04-29,213.5293,215.8852,211.8211,214.1718,214.1718,3490292
2021-04-30,214.2541,216.618,212.5401,214.8988,214.8988,3499842
2021-05-03,215.0381,217.4106,213.3178,215.6852,215.6852,3494607
2021-05-04,215.893,218.275,214.1659,216.5427,216.5427,3474618
2021-05-05,216.8277,219.22,215.0931,217.4802,217.4802,3439994
2021-05-06,217.8477,220.2513,216.1049,218.5032,218.5032,3390939
2021-05-07,218.9553,221.3711,217.2037,219.6142,219.6142,3327744
2021-05-10,220.1493,222.5782,218.3881,220.8117,220.8117,3250782
2021-05-11,221.4248,223.8678,219.6534,222.0911,222.0911,3160508
2021-05-12,222.7735,225.2314,220.9913,223.4438,223.4438,3057456
2021-05-13,224.1834,226.6568,222.3899,224.8579,224.8579,2942236
2021-05-14,225.639,228.1285,223.8339,226.318,226.318,2815529
2021-05-17,227.1218,229.6277,225.3048,227.8052,227.8052,2678085
2021-05-18,228.6101,231.1323,226.7812,229.298,229.298,2530716
2021-05-19,230.0794,232.6179,228.2388,230.7717,230.7717,2374294
2021-05-20,231.5033,234.0575,229.6512,232.1999,232.1999,2209744
2021-05-21,232.8533,235.4224,230.9904,233.5539,233.5539,2038039
2021-05-24,234.0999,236.6828,232.2271,234.8043,234.8043,1860195
2021-05-25,235.2132,237.8083,233.3315,235.921,235.921,1677264
2021-05-26,236.1633,238.7689,234.274,236.8739,236.8739,1490327
2021-05-27,236.9215,239.5355,235.0261,237.6344,237.6344,1300491
2021-05-28,237.4607,240.0806,235.561,238.1752,238.1752,1108877
2021-05-31,237.7565,240.3797,235.8544,238.4719,238.4719,1083380
2021-06-01,237.7876,240.4112,235.8853,238.5031,238.5031,1275145
2021-06-02,237.537,240.1578,235.6367,238.2518,238.2518,1465282
2021-06-03,236.9919,239.6067,235.096,237.7051,237.7051,1652668
2021-06-04,236.1448,238.7503,234.2557,236.8554,236.8554,1836193
2021-06-07,234.9935,237.5862,233.1135,235.7006,235.7006,2014773
2021-06-08,233.541,236.1177,231.6727,234.2437,234.2437,2187352
2021-06-09,231.7961,234.3535,229.9417,232.4936,232.4936,2352908
2021-06-10,229.7726,232.3077,227.9344,230.464,230.464,2510463
2021-06-11,227.4894,229.9993,225.6695,228.1739,228.1739,2659084
2021-06-14,224.9696,227.4517,223.1698,225.6465,225.6465,2797893
2021-06-15,222.24,224.692,220.4621,222.9087,222.9087,2926070
2021-06-16,219.3305,221.7504,217.5758,219.9904,219.9904,3042854
2021-06-17,216.273,218.6592,214.5428,216.9238,216.9238,3147557
2021-06-18,213.101,215.4522,211.3962,213.7423,213.7423,3239559
2021-06-21,209.8484,212.1637,208.1696,210.4799,210.4799,3318315
2021-06-22,206.5489,208.8278,204.8965,207.1704,207.1704,3383361
2021-06-23,203.2352,205.4775,201.6093,203.8467,203.8467,3434310
2021-06-24,199.9384,202.1443,198.3389,200.54,200.54,3470863
2021-06-25,196.6875,198.8576,195.114,197.2793,197.2793,3492802
2021-06-28,193.509,195.644,191.9609,194.0913,194.0913,3499998
2021-06-29,190.4264,192.5274,188.903,190.9994,190.9994,3492409
2021-06-30,187.46,189.5283,185.9603,188.0241,188.0241,3470079
2021-07-01,184.6269,186.6639,183.1499,185.1824,185.1824,3433140
2021-07-02,181.9408,183.9482,180.4853,182.4883,182.4883,3381811
2021-07-05,179.4121,181.3916,177.9768,179.952,179.952,3316395
2021-07-06,177.0478,179.0012,175.6315,177.5806,177.5806,3237280
2021-07-07,174.8519,176.7811,173.4531,175.3781,175.3781,3144933
2021-07-08,172.8252,174.732,171.4426,173.3453,173.3453,3039900
2021-07-09,170.9658,172.8521,169.5981,171.4803,171.4803,2922803
2021-07-12,169.2691,171.1367,167.9149,169.7784,169.7784,2794333
2021-07-13,167.728,169.5786,166.3862,168.2327,168.2327,2655252
2021-07-14,166.3333,168.1685,165.0027,166.8338,166.8338,2506381
2021-07-15,165.0739,166.8952,163.7533,165.5706,165.5706,2348601
2021-07-16,163.9369,165.7456,162.6254,164.4302,164.4302,2182845
2021-07-19,162.908,164.7054,161.6047,163.3982,163.3982,2010094
2021-07-20,161.9718,163.7588,160.676,162.4592,162.4592,1831368
2021-07-21,161.112,162.8896,159.8232,161.5968,161.5968,1647726
2021-07-22,160.312,162.0807,159.0295,160.7944,160.7944,1460252
2021-07-23,159.5547,161.3151,158.2783,160.0348,160.0348,1270057
2021-07-26,158.8234,160.5757,157.5528,159.3013,159.3013,1078265
2021-07-27,158.1018,159.8462,156.837,158.5776,158.5776,1113990
2021-07-28,157.3747,159.111,156.1157,157.8482,157.8482,1305571
2021-07-29,156.6277,158.3558,155.3747,157.099,157.099,1495345
2021-07-30,155.8484,157.5678,154.6016,156.3173,156.3173,1682189
2021-08-02,155.0259,156.7363,153.7857,155.4924,155.4924,1864999
2021-08-03,154.1517,155.8525,152.9185,154.6155,154.6155,2042693
2021-08-04,153.2195,154.91,151.9937,153.6805,153.6805,2214220
2021-08-05,152.2255,153.905,151.0077,152.6836,152.6836,2378566
2021-08-06,151.1685,152.8364,149.9592,151.6234,151.6234,2534759
2021-08-09,150.0501,151.7056,148.8497,150.5016,150.5016,2681875
2021-08-10,148.8741,150.5166,147.6831,149.322,149.322,2819044
2021-08-11,147.647,149.276,146.4659,148.0913,148.0913,2945454
2021-08-12,146.3777,147.9927,145.2067,146.8182,146.8182,3060359
2021-08-13,145.0769,146.6776,143.9163,145.5135,145.5135,3163078
2021-08-16,143.7572,145.3433,142.6071,144.1897,144.1897,3253005
2021-08-17,142.4325,144.004,141.293,142.8611,142.8611,3329606
2021-08-18,141.118,142.6749,139.989,141.5426,141.5426,3392430
2021-08-19,139.8294,141.3722,138.7108,140.2502,140.2502,3441104
2021-08-20,138.5831,140.1121,137.4745,139.0001,139.0001,3475341
2021-08-23,137.3954,138.9113,136.2962,137.8088,137.8088,3494938
2021-08-24,136.2823,137.7859,135.192,136.6924,136.6924,3499779
2021-08-25,135.2594,136.7518,134.1774,135.6664,135.6664,3489836
2021-08-26,134.3416,135.8238,133.2669,134.7458,134.7458,3465168
2021-08-27,133.5427,135.0161,132.4743,133.9445,133.9445,3425920
2021-08-30,132.8754,134.3414,131.8124,133.2752,133.2752,3372325
2021-08-31,132.3512,133.8114,131.2924,132.7494,132.7494,3304699
2021-09-01,131.9802,133.4363,130.9243,132.3773,132.3773,3223442
2021-09-02,131.771,133.2248,130.7168,132.1675,132.1675,3129036
2021-09-03,131.7306,133.184,130.6768,132.127,132.127,3022038
2021-09-06,131.8647,133.3195,130.8097,132.2614,132.2614,2903081
2021-09-07,132.177,133.6353,131.1195,132.5747,132.5747,2772868
2021-09-08,132.6697,134.1335,131.6084,133.0689,133.0689,2632171
2021-09-09,133.3435,134.8147,132.2768,133.7447,133.7447,2481821
2021-09-10,134.1971,135.6777,133.1235,134.6009,134.6009,2322706
2021-09-13,135.2275,136.7195,134.1457,135.6344,135.6344,2155769
2021-09-14,136.4301,137.9353,135.3386,136.8406,136.8406,1981996
2021-09-15,137.7983,139.3186,136.6959,138.2129,138.2129,1802416
2021-09-16,139.3239,140.8611,138.2093,139.7431,139.7431,1618090
2021-09-17,140.9969,142.5525,139.8689,141.4211,141.4211,1430108
2021-09-20,142.8055,144.3811,141.663,143.2352,143.2352,1239583
2021-09-21,144.7363,146.3332,143.5785,145.1719,145.1719,1047641
2021-09-22,146.7746,148.394,145.6004,147.2162,147.2162,1144582
2021-09-23,148.9039,150.5468,147.7127,149.352,149.352,1335951
2021-09-24,151.1069,152.7741,149.8981,151.5616,151.5616,1525333
2021-09-27,153.3653,155.0574,152.1384,153.8268,153.8268,1711609
2021-09-28,155.66,157.3774,154.4147,156.1284,156.1284,1893675
2021-09-29,157.9719,159.7149,156.7082,158.4473,158.4473,2070456
2021-09-30,160.2819,162.0503,158.9997,160.7642,160.7642,2240906
2021-10-01,162.5714,164.3651,161.2708,163.0606,163.0606,2404017
2021-10-04,164.8228,166.6413,163.5042,165.3187,165.3187,2558825
2021-10-05,167.0198,168.8626,165.6837,167.5224,167.5224,2704413
2021-10-06,169.1481,171.0144,167.795,169.6571,169.6571,2839921
2021-10-07,171.1955,173.0843,169.826,171.7107,171.7107,2964547
2021-10-08,173.1523,175.0627,171.7671,173.6733,173.6733,3077554
2021-10-11,175.0115,176.9424,173.6114,175.5381,175.5381,3178274
2021-10-12,176.7694,178.7197,175.3552,177.3013,177.3013,3266112
2021-10-13,178.425,180.3936,176.9976,178.9619,178.9619,3340547
2021-10-14,179.9809,181.9666,178.541,180.5224,180.5224,3401139
2021-10-15,181.4423,183.4442,179.9907,181.9883,181.9883,3447530
2021-10-18,182.8176,184.8346,181.3551,183.3677,183.3677,3479447
2021-10-19,184.1178,186.1492,182.6448,184.6718,184.6718,3496699
2021-10-20,185.3561,187.4011,183.8732,185.9138,185.9138,3499185
2021-10-21,186.5478,188.606,185.0554,187.1091,187.1091,3486890
2021-10-22,187.7097,189.7807,186.208,188.2745,188.2745,3459887
2021-10-25,188.8597,190.9434,187.3488,189.428,189.428,3418336
2021-10-26,190.0163,192.1128,188.4962,190.5881,190.5881,3362482
2021-10-27,191.1983,193.3078,189.6687,191.7736,191.7736,3292656
2021-10-28,192.424,194.547,190.8846,193.003,193.003,3209271
2021-10-29,193.7111,195.8483,192.1614,194.2939,194.2939,3112819
2021-11-01,195.076,197.2283,193.5154,195.663,195.663,3003872
2021-11-02,196.5338,198.7022,194.9615,197.1252,197.1252,2883073
2021-11-03,198.0974,200.2831,196.5127,198.6935,198.6935,2751137
2021-11-04,199.7777,201.9819,198.1795,200.3789,200.3789,2608845
2021-11-05,201.5829,203.807,199.9702,202.1894,202.1894,2457037
2021-11-08,203.5183,205.7637,201.8902,204.1307,204.1307,2296613
2021-11-09,205.5864,207.8546,203.9417,206.205,206.205,2128519
2021-11-10,207.7862,210.0787,206.1239,208.4114,208.4114,1953752
2021-11-11,210.1134,212.4316,208.4325,210.7457,210.7457,1773344
2021-11-12,212.5603,214.9055,210.8598,213.1999,213.1999,1588362
2021-11-15,215.1153,217.4887,213.3943,215.7626,215.7626,1399900
2021-11-16,217.7633,220.1659,216.0212,218.4186,218.4186,1209073
2021-11-17,220.4858,222.9185,218.722,221.1493,221.1493,1017010
2021-11-18,223.2607,225.724,221.4746,223.9325,223.9325,1175153
2021-11-19,226.0627,228.5569,224.2542,226.7429,226.7429,1366281
2021-11-22,228.8636,231.3886,227.0327,229.5522,229.5522,1555243
2021-11-23,231.6326,234.1882,229.7796,232.3296,232.3296,1740921
2021-11-24,234.3371,236.9226,232.4624,235.0423,235.0423,1922217
2021-11-25,236.943,239.5572,235.0475,237.656,237.656,2098059
2021-11-26,239.4154,242.0569,237.5001,240.1358,240.1358,2267406
2021-11-29,241.7197,244.3866,239.7859,242.447,242.447,2429258
2021-11-30,243.8219,246.512,241.8713,244.5556,244.5556,2582657
2021-12-01,245.6901,248.4008,243.7246,246.4294,246.4294,2726695
2021-12-02,247.2948,250.0232,245.3164,248.0389,248.0389,2860522
2021-12-03,248.6101,251.353,246.6212,249.3581,249.3581,2983345
2021-12-06,249.6142,252.3682,247.6173,250.3653,250.3653,3094438
2021-12-07,250.2905,253.052,248.2882,251.0436,251.0436,3193143
2021-12-08,250.6275,253.3927,248.6225,251.3817,251.3817,3278879
2021-12-09,250.6198,253.3849,248.6149,251.374,251.374,3351136
2021-12-10,250.2679,253.0291,248.2658,251.021,251.021,3409488
2021-12-13,249.5782,252.3319,247.5816,250.3292,250.3292,3453590
2021-12-14,248.5632,251.3056,246.5747,249.3111,249.3111,3483180
2021-12-15,247.2405,249.9683,245.2626,247.9844,247.9844,3498085
2021-12-16,245.6328,248.3429,243.6678,246.3719,246.3719,3498215
2021-12-17,243.7671,246.4566,241.8169,244.5006,244.5006,3483570
2021-12-20,241.6735,244.3399,239.7402,242.4007,242.4007,3454237
2021-12-21,239.3851,242.0263,237.4701,240.1055,240.1055,3410389
2021-12-22,236.9364,239.5506,235.0409,237.6494,237.6494,3352285
2021-12-23,234.3627,236.9485,232.4878,235.0679,235.0679,3280269
2021-12-24,231.6994,234.2557,229.8458,232.3966,232.3966,3194767
2021-12-27,228.9808,231.5071,227.1489,229.6698,229.6698,3096285
2021-12-28,226.2397,228.7358,224.4298,226.9205,226.9205,2985405
2021-12-29,223.5069,225.9729,221.7188,224.1794,224.1794,2862782
2021-12-30,220.8102,223.2464,219.0437,221.4747,221.4747,2729143
2021-12-31,218.1745,220.5817,216.4291,218.831,218.831,2585277
2022-01-03,215.6212,218.0002,213.8963,216.27,216.27,2432035
2022-01-04,213.1681,215.52,211.4628,213.8096,213.8096,2270324
2022-01-05,210.8293,213.1554,209.1427,211.4637,211.4637,2101100
2022-01-06,208.6151,210.9168,206.9462,209.2428,209.2428,1925364
2022-01-07,206.5322,208.8108,204.8799,207.1536,207.1536,1744155
2022-01-10,204.5835,206.8407,202.9468,205.1991,205.1991,1558545
2022-01-11,202.7687,205.0059,201.1466,203.3789,203.3789,1369631
2022-01-12,201.0841,203.3027,199.4754,201.6892,201.6892,1178532
2022-01-13,199.523,201.7243,197.9268,200.1233,200.1233,1013623
2022-01-14,198.0758,200.2611,196.4911,198.6718,198.6718,1205698
2022-01-17,196.7305,198.901,195.1566,197.3225,197.3225,1396556
2022-01-18,195.473,197.6297,193.9092,196.0612,196.0612,1585069
2022-01-19,194.2874,196.431,192.7331,194.872,194.872,1770122
2022-01-20,193.1563,195.2874,191.611,193.7375,193.7375,1950620
2022-01-21,192.0611,194.1802,190.5247,192.6391,192.6391,2125496
2022-01-24,190.9831,193.0902,189.4552,191.5577,191.5577,2293716
2022-01-25,189.9029,191.9981,188.3836,190.4743,190.4743,2454284
2022-01-26,188.8017,190.8848,187.2913,189.3698,189.3698,2606251
2022-01-27,187.6616,189.7321,186.1603,188.2263,188.2263,2748718
2022-01-28,186.4658,188.523,184.974,187.0268,187.0268,2880843
2022-01-31,185.1991,187.2424,183.7175,185.7564,185.7564,3001845
2022-02-01,183.8487,185.8771,182.3779,184.4019,184.4019,3111006
2022-02-02,182.404,184.4165,180.9448,182.9529,182.9529,3207683
2022-02-03,180.8576,182.853,179.4107,181.4018,181.4018,3291303
2022-02-04,179.2046,181.1818,177.771,179.7439,179.7439,3361372
2022-02-07,177.4439,179.4016,176.0243,177.9778,177.9778,3417475
2022-02-08,175.5771,177.5142,174.1724,176.1054,176.1054,3459281
2022-02-09,173.6093,175.5247,172.2204,174.1317,174.1317,3486541
2022-02-10,171.5486,173.4413,170.1762,172.0648,172.0648,3499096
2022-02-11,169.4061,171.2752,168.0509,169.9159,169.9159,3496870
2022-02-14,167.1954,169.04,165.8578,167.6985,167.6985,3479878
2022-02-15,164.9321,166.7518,163.6126,165.4284,165.4284,3448218
2022-02-16,162.6339,164.4282,161.3328,163.1232,163.1232,3402080
2022-02-17,160.3196,162.0884,159.037,160.802,160.802,3341735
2022-02-18,158.009,159.7524,156.745,158.4845,158.4845,3267540
2022-02-21,155.7224,157.4405,154.4767,156.191,156.191,3179935
2022-02-22,153.48,155.1733,152.2521,153.9418,153.9418,3079436
2022-02-23,151.3014,152.9707,150.091,151.7567,151.7567,2966640
2022-02-24,149.2057,150.8519,148.0121,149.6547,149.6547,2842212
2022-02-25,147.2108,148.835,146.0331,147.6538,147.6538,2706889
2022-02-28,145.3333,146.9367,144.1706,145.7706,145.7706,2561471
2022-03-01,143.588,145.1723,142.4393,144.0201,144.0201,2406819
2022-03-02,141.9885,143.555,140.8525,142.4157,142.4157,2243845
2022-03-03,140.546,142.0967,139.4216,140.9689,140.9689,2073516
2022-03-04,139.2703,140.8069,138.1561,139.6894,139.6894,1896837
2022-03-07,138.1691,139.6935,137.0637,138.5849,138.5849,1714855
2022-03-08,137.2482,138.7625,136.1502,137.6612,137.6612,1528644
2022-03-09,136.5116,138.0177,135.4195,136.9223,136.9223,1339307
2022-03-10,135.9613,137.4614,134.8736,136.3704,136.3704,1147964
2022-03-11,135.5976,137.0937,134.5129,136.0057,136.0057,1044254
2022-03-14,135.4192,136.9133,134.3358,135.8267,135.8267,1236211
2022-03-15,135.4226,136.9168,134.3393,135.8301,135.8301,1426772
2022-03-16,135.6032,137.0993,134.5184,136.0112,136.0112,1614808
2022-03-17,135.9543,137.4543,134.8667,136.3634,136.3634,1799208
2022-03-18,136.468,137.9737,135.3762,136.8786,136.8786,1978881
2022-03-21,137.1346,138.6476,136.0375,137.5472,137.5472,2152765
2022-03-22,137.9432,139.4652,136.8397,138.3583,138.3583,2319831
2022-03-23,138.8816,140.4139,137.7705,139.2995,139.2995,2479091
2022-03-24,139.9362,141.4801,138.8167,140.3573,140.3573,2629604
2022-03-25,141.0925,142.6492,139.9638,141.5171,141.5171,2770479
2022-03-28,142.3352,143.9056,141.1966,142.7635,142.7635,2900882
2022-03-29,143.6483,145.2332,142.4991,144.0806,144.0806,3020044
2022-03-30,145.0153,146.6153,143.8552,145.4517,145.4517,3127258
2022-03-31,146.4198,148.0353,145.2485,146.8604,146.8604,3221892
2022-04-01,147.8454,149.4766,146.6626,148.2903,148.2903,3303384
2022-04-04,149.2763,150.9233,148.0821,149.7255,149.7255,3371254
2022-04-05,150.6977,152.3604,149.4921,151.1512,151.1512,3425099
2022-04-06,152.0958,153.7739,150.879,152.5535,152.5535,3464602
2022-04-07,153.4585,155.1516,152.2308,153.9203,153.9203,3489529
2022-04-08,154.7756,156.4832,153.5373,155.2413,155.2413,3499732
2022-04-11,156.0388,157.7604,154.7905,156.5084,156.5084,3495151
2022-04-12,157.2426,158.9775,155.9847,157.7157,157.7157,3475813
2022-04-13,158.3837,160.1311,157.1166,158.8603,158.8603,3441832
2022-04-14,159.4615,161.2209,158.1858,159.9414,159.9414,3393410
2022-04-15,160.4783,162.2489,159.1945,160.9612,160.9612,3330833
2022-04-18,161.4388,163.22,160.1473,161.9246,161.9246,3254470
2022-04-19,162.3504,164.1416,161.0516,162.8389,162.8389,3164774
2022-04-20,163.2227,165.0236,161.9169,163.7139,163.7139,3062275
2022-04-21,164.0676,165.8778,162.755,164.5613,164.5613,2947580
2022-04-22,164.8986,166.718,163.5794,165.3948,165.3948,2821366
2022-04-25,165.731,167.5595,164.4051,166.2297,166.2297,2684379
2022-04-26,166.5809,168.4188,165.2482,167.0821,167.0821,2537431
2022-04-27,167.4655,169.3131,166.1257,167.9694,167.9694,2381390
2022-04-28,168.4021,170.2601,167.0549,168.9089,168.9089,2217180
2022-04-29,169.4084,171.2775,168.0531,169.9181,169.9181,2045770
2022-05-02,170.5014,172.3825,169.1374,171.0144,171.0144,1868176
2022-05-03,171.6976,173.592,170.324,172.2142,172.2142,1685447
2022-05-04,173.0125,174.9214,171.6284,173.5331,173.5331,1498664
2022-05-05,174.4602,176.3851,173.0646,174.9852,174.9852,1308932
2022-05-06,176.0534,177.9958,174.6449,176.5831,176.5831,1117373
2022-05-09,177.8026,179.7643,176.3801,178.3376,178.3376,1074879
2022-05-10,179.7163,181.6991,178.2786,180.2571,180.2571,1266690
2022-05-11,181.8008,183.8067,180.3464,182.3479,182.3479,1456923
2022-05-12,184.0597,186.0904,182.5872,184.6135,184.6135,1644454
2022-05-13,186.4937,188.5513,185.0017,187.0548,187.0548,1828173
2022-05-16,189.1006,191.187,187.5878,189.6696,189.6696,2006994
2022-05-17,191.8752,193.9922,190.3402,192.4526,192.4526,2179860
2022-05-18,194.8089,196.9583,193.2505,195.3951,195.3951,2345748
2022-05-19,197.8898,200.0732,196.3067,198.4853,198.4853,2503677
2022-05-20,201.1027,203.3214,199.4938,201.7078,201.7078,2652712
2022-05-23,204.4287,206.6842,202.7933,205.0438,205.0438,2791973
2022-05-24,207.8461,210.1393,206.1833,208.4715,208.4715,2920636
2022-05-25,211.3297,213.6614,209.6391,211.9656,211.9656,3037940
2022-05-26,214.8518,217.2223,213.133,215.4983,215.4983,3143191
2022-05-27,218.3818,220.7913,216.6348,219.0389,219.0389,3235766
2022-05-30,221.8875,224.3356,220.1124,222.5551,222.5551,3315119
2022-05-31,225.3348,227.8209,223.5321,226.0128,226.0128,3380779
2022-06-01,228.6891,231.2123,226.8596,229.3773,229.3773,3432359
2022-06-02,231.9156,234.4744,230.0603,232.6135,232.6135,3469554
2022-06-03,234.9802,237.5728,233.1004,235.6873,235.6873,3492143
2022-06-06,237.8503,240.4745,235.9475,238.566,238.566,3499992
2022-06-07,240.4956,243.149,238.5716,241.2192,241.2192,3493057
2022-06-08,242.8891,245.5689,240.946,243.6199,243.6199,3471376
2022-06-09,245.0077,247.7109,243.0476,245.7449,245.7449,3435079
2022-06-10,246.8327,249.556,244.8581,247.5754,247.5754,3384381
2022-06-13,248.3508,251.0909,246.364,249.0981,249.0981,3319581
2022-06-14,249.5539,252.3072,247.5575,250.3048,250.3048,3241062
2022-06-15,250.4397,253.2029,248.4362,251.1933,251.1933,3149289
2022-06-16,251.0117,253.7811,249.0036,251.767,251.767,3044805
2022-06-17,251.2788,254.0511,249.2685,252.0349,252.0349,2928227
2022-06-20,251.2551,254.0272,249.245,252.0111,252.0111,2800245
2022-06-21,250.9596,253.7285,248.952,251.7148,251.7148,2661616
2022-06-22,250.4154,253.1783,248.4121,251.1689,251.1689,2513160
2022-06-23,249.6489,252.4033,247.6517,250.4001,250.4001,2355755
2022-06-24,248.689,251.4328,246.6994,249.4373,249.4373,2190331
2022-06-27,247.5665,250.2979,245.5859,248.3114,248.3114,2017868
2022-06-28,246.3131,249.0307,244.3426,247.0542,247.0542,1839384
2022-06-29,244.9605,247.6632,243.0008,245.6976,245.6976,1655937
2022-06-30,243.5398,246.2268,241.5914,244.2726,244.2726,1468610
2022-07-01,242.0806,244.7515,240.1439,242.809,242.809,1278511
2022-07-04,240.6105,243.2652,238.6856,241.3345,241.3345,1086765
2022-07-05,239.1546,241.7932,237.2414,239.8742,239.8742,1105493
2022-07-06,237.735,240.3579,235.8331,238.4503,238.4503,1297128
2022-07-07,236.3704,238.9783,234.4794,237.0817,237.0817,1487006
2022-07-08,235.076,237.6696,233.1954,235.7833,235.7833,1674003
2022-07-11,233.8631,236.4433,231.9922,234.5668,234.5668,1857014
2022-07-12,232.7393,235.3072,230.8774,233.4396,233.4396,2034957
2022-07-13,231.7083,234.2647,229.8546,232.4055,232.4055,2206779
2022-07-14,230.7699,233.316,228.9237,231.4642,231.4642,2371463
2022-07-15,229.9202,232.4569,228.0808,230.612,230.612,2528036
2022-07-18,229.1519,231.6801,227.3187,229.8414,229.8414,2675572
2022-07-19,228.4543,230.9748,226.6266,229.1417,229.1417,2813199
2022-07-20,227.8136,230.3271,225.9911,228.4991,228.4991,2940101
2022-07-21,227.2135,229.7203,225.3958,227.8972,227.8972,3055530
2022-07-22,226.6351,229.1356,224.822,227.3171,227.3171,3158801
2022-07-25,226.0579,228.552,224.2494,226.7381,226.7381,3249305
2022-07-26,225.4599,227.9474,223.6562,226.1383,226.1383,3326506
2022-07-27,224.8182,227.2986,223.0197,225.4947,225.4947,3389948
2022-07-28,224.1097,226.5824,222.3169,224.7841,224.7841,3439254
2022-07-29,223.3117,225.7756,221.5253,223.9837,223.9837,3474135
2022-08-01,222.4024,224.8562,220.6232,223.0716,223.0716,3494382
2022-08-02,221.3614,223.8037,219.5905,222.0275,222.0275,3499878
2022-08-03,220.1708,222.6,218.4095,220.8333,220.8333,3490588
2022-08-04,218.8153,221.2295,217.0647,219.4737,219.4737,3466568
2022-08-05,217.2827,219.68,215.5444,217.9365,217.9365,3427961
2022-08-08,215.5647,217.943,213.8402,216.2133,216.2133,3374994
2022-08-09,213.6569,216.0142,211.9476,214.2998,214.2998,3307981
2022-08-10,211.559,213.8932,209.8665,212.1956,212.1956,3227318
2022-08-11,209.2752,211.5841,207.601,209.9049,209.9049,3133481
2022-08-12,206.8136,209.0954,205.1591,207.4359,207.4359,3027027
2022-08-15,204.1865,206.4393,202.553,204.8009,204.8009,2908585
2022-08-16,201.41,203.6322,199.7987,202.0161,202.0161,2778855
2022-08-17,198.5033,200.6934,196.9152,199.1006,199.1006,2638604
2022-08-18,195.4884,197.6452,193.9245,196.0766,196.0766,2488662
2022-08-19,192.3896,194.5122,190.8505,192.9685,192.9685,2329916
2022-08-22,189.2327,191.3206,187.7189,189.8021,189.8021,2163304
2022-08-23,186.0446,188.0973,184.5563,186.6044,186.6044,1989812
2022-08-24,182.8523,184.8698,181.3895,183.4025,183.4025,1810467
2022-08-25,179.6827,181.6652,178.2453,180.2234,180.2234,1626328
2022-08-26,176.5618,178.5098,175.1493,177.0931,177.0931,1438484
2022-08-29,173.5143,175.4287,172.1262,174.0364,174.0364,1248048
2022-08-30,170.5633,172.4451,169.1988,171.0765,171.0765,1056144
2022-08-31,167.7297,169.5803,166.3879,168.2344,168.2344,1136091
2022-09-01,165.0324,166.8532,163.7121,165.529,165.529,1327521
2022-09-02,162.4875,164.2803,161.1876,162.9765,162.9765,1517015
2022-09-05,160.1089,161.8754,158.8281,160.5907,160.5907,1703451
2022-09-06,157.9077,159.6499,156.6445,158.3829,158.3829,1885727
2022-09-07,155.8925,157.6125,154.6454,156.3616,156.3616,2062764
2022-09-08,154.0694,155.7693,152.8369,154.533,154.533,2233516
2022-09-09,152.442,154.1239,151.2224,152.9007,152.9007,2396972
2022-09-12,151.0114,152.6775,149.8033,151.4658,151.4658,2552167
2022-09-13,149.7768,151.4293,148.5785,150.2274,150.2274,2698181
2022-09-14,148.7349,150.3759,147.5451,149.1825,149.1825,2834152
2022-09-15,147.8808,149.5124,146.6978,148.3258,148.3258,2959276
2022-09-16,147.2075,148.8316,146.0298,147.6504,147.6504,3072811
2022-09-19,146.7062,148.3248,145.5325,147.1476,147.1476,3174088
2022-09-20,146.3667,147.9815,145.1957,146.8071,146.8071,3262507
2022-09-21,146.1773,147.7901,145.0079,146.6171,146.6171,3337544
2022-09-22,146.125,147.7372,144.956,146.5647,146.5647,3398757
2022-09-23,146.1958,147.8087,145.0262,146.6357,146.6357,3445783
2022-09-26,146.3745,147.9895,145.2035,146.815,146.815,3478344
2022-09-27,146.6457,148.2636,145.4725,147.0869,147.0869,3496247
2022-09-28,146.9929,148.6147,145.817,147.4352,147.4352,3499387
2022-09-29,147.4,149.0263,146.2208,147.8435,147.8435,3487745
2022-09-30,147.8505,149.4818,146.6677,148.2954,148.2954,3461390
2022-10-03,148.3286,149.9651,147.142,148.7749,148.7749,3420478
2022-10-04,148.819,150.4609,147.6284,149.2668,149.2668,3365250
2022-10-05,149.3074,150.9547,148.1129,149.7566,149.7566,3296034
2022-10-06,149.7809,151.4334,148.5826,150.2316,150.2316,3213239
2022-10-07,150.2282,151.8856,149.0263,150.6802,150.6802,3117353
2022-10-10,150.6398,152.3018,149.4346,151.093,151.093,3008945
2022-10-11,151.0084,152.6745,149.8003,151.4628,151.4628,2888656
2022-10-12,151.329,152.9986,150.1183,151.7843,151.7843,2757197
2022-10-13,151.599,153.2716,150.3862,152.0552,152.0552,2615346
2022-10-14,151.8185,153.4935,150.604,152.2753,152.2753,2463940
2022-10-17,151.9899,153.6668,150.774,152.4472,152.4472,2303877
2022-10-18,152.1182,153.7965,150.9013,152.5759,152.5759,2136102
2022-10-19,152.2108,153.8901,150.9931,152.6688,152.6688,1961608
2022-10-20,152.2772,153.9572,151.0589,152.7354,152.7354,1781427
2022-10-21,152.3288,154.0095,151.1102,152.7872,152.7872,1596625
2022-10-24,152.379,154.0602,151.1599,152.8375,152.8375,1408293
2022-10-25,152.4422,154.1241,151.2226,152.9009,152.9009,1217547
2022-10-26,152.534,154.2169,151.3137,152.993,152.993,1025515
2022-10-27,152.6709,154.3553,151.4495,153.1303,153.1303,1166668
2022-10-28,152.8696,154.5562,151.6466,153.3296,153.3296,1357866
2022-10-31,153.1469,154.8366,151.9217,153.6077,153.6077,1546947
2022-11-01,153.5195,155.2133,152.2913,153.9814,153.9814,1732794
2022-11-02,154.0035,155.7026,152.7715,154.4669,154.4669,1914306
2022-11-03,154.6142,156.3201,153.3773,155.0795,155.0795,2090411
2022-11-04,155.366,157.0802,154.1231,155.8335,155.8335,2260068
2022-11-07,156.2719,157.9961,155.0218,156.7422,156.7422,2422271
2022-11-08,157.3436,159.0796,156.0849,157.8171,157.8171,2576064
2022-11-09,158.5911,160.3409,157.3224,159.0683,159.0683,2720535
2022-11-10,160.0226,161.7881,158.7424,160.5041,160.5041,2854830
2022-11-11,161.6442,163.4276,160.351,162.1306,162.1306,2978155
2022-11-14,163.4601,165.2636,162.1524,163.9519,163.9519,3089782
2022-11-15,165.472,167.2977,164.1482,165.9699,165.9699,3189048
2022-11-16,167.6794,169.5294,166.3379,168.1839,168.1839,3275368
2022-11-17,170.0789,171.9554,168.7183,170.5907,170.5907,3348231
2022-11-18,172.6648,174.5698,171.2835,173.1844,173.1844,3407206
2022-11-21,175.4284,177.364,174.025,175.9563,175.9563,3451944
2022-11-22,178.3583,180.3262,176.9315,178.895,178.895,3482181
2022-11-23,181.4402,183.442,179.9887,181.9861,181.9861,3497738
2022-11-24,184.6569,186.6942,183.1796,185.2125,185.2125,3498522
2022-11-25,187.9885,190.0626,186.4846,188.5542,188.5542,3484529
2022-11-28,191.4128,193.5246,189.8815,191.9887,191.9887,3455843
2022-11-29,194.9047,197.0551,193.3455,195.4912,195.4912,3412632
2022-11-30,198.4377,200.6271,196.8502,199.0348,199.0348,3355152
2022-12-01,201.9833,204.2118,200.3674,202.591,202.591,3283743
2022-12-02,205.5119,207.7793,203.8678,206.1302,206.1302,3198827
2022-12-05,208.9934,211.2992,207.3215,209.6223,209.6223,3100907
2022-12-06,212.3979,214.7413,210.6987,213.037,213.037,2990562
2022-12-07,215.696,218.0758,213.9704,216.345,216.345,2868444
2022-12-08,218.8599,221.2746,217.109,219.5184,219.5184,2735276
2022-12-09,221.8638,224.3117,220.0889,222.5314,222.5314,2591845
2022-12-12,224.685,227.164,222.8876,225.3611,225.3611,2438999
2022-12-13,227.304,229.8119,225.4856,227.988,227.988,2277642
2022-12-14,229.7052,232.2396,227.8676,230.3964,230.3964,2108730
2022-12-15,231.8775,234.4358,230.0225,232.5752,232.5752,1933260
2022-12-16,233.8145,236.3942,231.944,234.518,234.518,1752270
2022-12-19,235.5144,238.1128,233.6303,236.223,236.223,1566832
2022-12-20,236.9804,239.595,235.0845,237.6934,237.6934,1378041
2022-12-21,238.2201,240.8484,236.3144,238.9369,238.9369,1187014
2022-12-22,239.2457,241.8854,237.3318,239.9656,239.9656,1005118
2022-12-23,240.0732,242.7219,238.1526,240.7956,240.7956,1197220
2022-12-26,240.7217,243.3776,238.796,241.4461,241.4461,1388156
2022-12-27,241.2134,243.8748,239.2837,241.9393,241.9393,1576797
2022-12-28,241.5724,244.2377,239.6398,242.2993,242.2993,1762026
2022-12-29,241.824,244.4921,239.8894,242.5517,242.5517,1942748
2022-12-30,241.9944,244.6643,240.0584,242.7225,242.7225,2117895
2023-01-02,242.1094,244.7806,240.1725,242.8379,242.8379,2286430
2023-01-03,242.1943,244.8665,240.2567,242.9231,242.9231,2447357
2023-01-04,242.2729,244.9459,240.3347,243.0019,243.0019,2599724
2023-01-05,242.3671,245.0412,240.4282,243.0964,243.0964,2742630
2023-01-06,242.4963,245.1718,240.5564,243.226,243.226,2875229
2023-01-09,242.6772,245.3547,240.7358,243.4074,243.4074,2996738
2023-01-10,242.9231,245.6033,240.9797,243.654,243.654,3106438
2023-01-11,243.2439,245.9276,241.2979,243.9758,243.9758,3203680
2023-01-12,243.6458,246.3339,241.6966,244.3789,244.3789,3287888
2023-01-13,244.1312,246.8247,242.1781,244.8658,244.8658,3358566
2023-01-16,244.6985,247.3982,242.7409,245.4348,245.4348,3415294
2023-01-17,245.3421,248.049,243.3794,246.0804,246.0804,3457738
2023-01-18,246.0529,248.7676,244.0844,246.7932,246.7932,3485646
2023-01-19,246.8175,249.5406,244.8429,247.5601,247.5601,3498853
2023-01-20,247.6192,250.3513,245.6383,248.3643,248.3643,3497281
2023-01-23,248.4383,251.1793,246.4508,249.1858,249.1858,3480940
2023-01-24,249.2516,252.0016,247.2576,250.0016,250.0016,3449926
2023-01-25,250.0338,252.7924,248.0335,250.7862,250.7862,3404423
2023-01-26,250.7575,253.5241,248.7514,251.512,251.512,3344699
2023-01-27,251.3939,254.1676,249.3828,252.1504,252.1504,3271108
2023-01-30,251.9134,254.6928,249.8981,252.6715,252.6715,3184086
2023-01-31,252.2866,255.0701,250.2683,253.0457,253.0457,3084146
2023-02-01,252.4845,255.2701,250.4646,253.2442,253.2442,2971880
2023-02-02,252.4799,255.2655,250.46,253.2396,253.2396,2847951
2023-02-03,252.2479,255.031,250.2299,253.0069,253.0069,2713094
2023-02-06,251.7666,254.5444,249.7525,252.5242,252.5242,2568105
2023-02-07,251.0181,253.7876,249.01,251.7734,251.7734,2413841
2023-02-08,249.9888,252.7469,247.9888,250.741,250.741,2251216
2023-02-09,248.6699,251.4135,246.6805,249.4181,249.4181,2081191
2023-02-10,247.058,249.7838,245.0816,247.8014,247.8014,1904771
2023-02-13,245.1554,247.8602,243.1941,245.893,245.893,1723001
2023-02-14,242.9695,245.6502,241.0257,243.7006,243.7006,1536954
2023-02-15,240.5133,243.1669,238.5892,241.237,241.237,1347732
2023-02-16,237.8049,240.4286,235.9024,238.5204,238.5204,1156453
2023-02-17,234.8667,237.458,232.9878,235.5735,235.5735,1035750
2023-02-20,231.7255,234.2821,229.8716,232.4227,232.4227,1227743
2023-02-21,228.4108,230.9309,226.5835,229.0981,229.0981,1418389
2023-02-22,224.955,227.4369,223.1553,225.6319,225.6319,1606560
2023-02-23,221.3919,223.8345,219.6207,222.058,222.058,1791144
2023-02-24,217.7562,220.1587,216.0141,218.4114,218.4114,1971049
2023-02-27,214.0825,216.4445,212.3699,214.7267,214.7267,2145211
2023-02-28,210.4048,212.7263,208.7216,211.038,211.038,2312600
2023-03-01,206.7556,209.0368,205.1016,207.3778,207.3778,2472226
2023-03-02,203.1654,205.4069,201.54,203.7767,203.7767,2623145
2023-03-03,199.6621,201.865,198.0648,200.2629,200.2629,2764464
2023-03-06,196.2709,198.4364,194.7008,196.8615,196.8615,2895347
2023-03-07,193.014,195.1435,191.4699,193.5948,193.5948,3015021
2023-03-08,189.91,192.0053,188.3907,190.4815,190.4815,3122778
2023-03-09,186.9743,189.0373,185.4786,187.537,187.537,3217980
2023-03-10,184.219,186.2515,182.7453,184.7733,184.7733,3300065
2023-03-13,181.6527,183.6569,180.1995,182.1993,182.1993,3368546
2023-03-14,179.2808,181.2588,177.8466,179.8203,179.8203,3423019
2023-03-15,177.1057,179.0597,175.6888,177.6386,177.6386,3463162
2023-03-16,175.1267,177.0589,173.7257,175.6537,175.6537,3488737
2023-03-17,173.3406,175.2531,171.9539,173.8622,173.8622,3499593
2023-03-20,171.7415,173.6363,170.3676,172.2583,172.2583,3495666
2023-03-21,170.3212,172.2004,168.9586,170.8337,170.8337,3476979
2023-03-22,169.0694,170.9348,167.7169,169.5781,169.5781,3443642
2023-03-23,167.974,169.8273,166.6302,168.4794,168.4794,3395853
2023-03-24,167.0211,168.8639,165.685,167.5237,167.5237,3333895
2023-03-27,166.1957,168.0294,164.8662,166.6958,166.6958,3258133
2023-03-28,165.4814,167.3072,164.1576,165.9794,165.9794,3169016
2023-03-29,164.8612,166.6802,163.5423,165.3573,165.3573,3067071
2023-03-30,164.3175,166.1304,163.0029,164.8119,164.8119,2952901
2023-03-31,163.8323,165.6399,162.5217,164.3253,164.3253,2827181
2023-04-03,163.3881,165.1908,162.081,163.8798,163.8798,2690655
2023-04-04,162.9677,164.7657,161.664,163.4581,163.4581,2544129
2023-04-05,162.5546,164.3481,161.2542,163.0437,163.0437,2388471
2023-04-06,162.1337,163.9225,160.8366,162.6215,162.6215,2224602
2023-04-07,161.6912,163.4751,160.3976,162.1777,162.1777,2053490
2023-04-10,161.2152,162.9939,159.9255,161.7003,161.7003,1876147
2023-04-11,160.6961,162.4691,159.4106,161.1797,161.1797,1693622
2023-04-12,160.1264,161.8931,158.8454,160.6083,160.6083,1506996
2023-04-13,159.5012,161.261,158.2252,159.9812,159.9812,1317371
2023-04-14,158.8183,160.5705,157.5477,159.2962,159.2962,1125868
2023-04-17,158.0781,159.8221,156.8134,158.5537,158.5537,1066377
2023-04-18,157.2837,159.019,156.0254,157.7569,157.7569,1258231
2023-04-19,156.4409,158.1669,155.1894,156.9116,156.9116,1448558
2023-04-20,155.5578,157.2741,154.3134,156.0259,156.0259,1636232
2023-04-21,154.6449,156.3512,153.4078,155.1103,155.1103,1820143
2023-04-24,153.7145,155.4105,152.4848,154.1771,154.1771,1999204
2023-04-25,152.7806,154.4662,151.5583,153.2403,153.2403,2172355
2023-04-26,151.8584,153.5339,150.6435,152.3153,152.3153,2338572
2023-04-27,150.9642,152.6298,149.7565,151.4185,151.4185,2496873
2023-04-28,150.115,151.7712,148.9141,150.5667,150.5667,2646321
2023-05-01,149.3278,150.9753,148.1331,149.7771,149.7771,2786032
2023-05-02,148.6197,150.2594,147.4307,149.0669,149.0669,2915181
2023-05-03,148.0075,149.6405,146.8234,148.4529,148.4529,3033002
2023-05-04,147.5073,149.1348,146.3272,147.9512,147.9512,3138799
2023-05-05,147.1343,148.7577,145.9573,147.5771,147.5771,3231948
2023-05-08,146.9028,148.5236,145.7276,147.3448,147.3448,3311896
2023-05-09,146.8257,148.4456,145.6511,147.2675,147.2675,3378171
2023-05-10,146.9145,148.5354,145.7392,147.3566,147.3566,3430380
2023-05-11,147.1793,148.8032,146.0019,147.6222,147.6222,3468216
2023-05-12,147.6286,149.2574,146.4476,148.0728,148.0728,3491455
2023-05-15,148.269,149.9049,147.0829,148.7152,148.7152,3499958
2023-05-16,149.1055,150.7506,147.9127,149.5542,149.5542,3493676
2023-05-17,150.1411,151.7977,148.94,150.5929,150.5929,3472645
2023-05-18,151.3769,153.0471,150.1659,151.8324,151.8324,3436991
2023-05-19,152.812,154.498,151.5895,153.2718,153.2718,3386924
2023-05-22,154.4432,156.1472,153.2077,154.9079,154.9079,3322740
2023-05-23,156.2655,157.9896,155.0154,156.7357,156.7357,3244819
2023-05-24,158.2714,160.0177,157.0053,158.7477,158.7477,3153621
2023-05-25,160.4514,162.2217,159.1678,160.9342,160.9342,3049686
2023-05-26,162.7937,164.5898,161.4914,163.2836,163.2836,2933629
2023-05-29,165.2843,167.1079,163.962,165.7816,165.7816,2806136
2023-05-30,167.907,169.7595,166.5638,168.4122,168.4122,2667961
2023-05-31,170.6439,172.5266,169.2787,171.1574,171.1574,2519922
2023-06-01,173.4751,175.389,172.0873,173.9971,173.9971,2362893
2023-06-02,176.3791,178.3251,174.9681,176.9099,176.9099,2197804
2023-06-05,179.3335,181.3121,177.8988,179.8731,179.8731,2025630
2023-06-06,182.3147,184.3262,180.8562,182.8633,182.8633,1847391
2023-06-07,185.2988,187.3432,183.8164,185.8564,185.8564,1664140
2023-06-08,188.2621,190.3392,186.756,188.8285,188.8285,1476961
2023-06-09,191.1812,193.2905,189.6518,191.7565,191.7565,1286962
2023-06-12,194.0342,196.175,192.4819,194.618,194.618,1095265
2023-06-13,196.8005,198.9718,195.2261,197.3927,197.3927,1096995
2023-06-14,199.462,201.6627,197.8663,200.0622,200.0622,1288681
2023-06-15,202.0032,204.2319,200.3872,202.611,202.611,1478660
2023-06-16,204.4116,206.6669,202.7763,205.0267,205.0267,1665809
2023-06-19,206.6782,208.9585,205.0248,207.3001,207.3001,1849019
2023-06-20,208.7979,211.1016,207.1275,209.4262,209.4262,2027209
2023-06-21,210.7691,213.0945,209.0829,211.4033,211.4033,2199323
2023-06-22,212.5943,214.9398,210.8935,213.234,213.234,2364344
2023-06-23,214.2795,216.6437,212.5653,214.9243,214.9243,2521296
2023-06-26,215.8346,218.2159,214.1079,216.484,216.484,2669251
2023-06-27,217.2724,219.6695,215.5342,217.9261,217.9261,2807333
2023-06-28,218.6086,221.0205,216.8597,219.2664,219.2664,2934726
2023-06-29,219.8613,222.287,218.1024,220.5228,220.5228,3050677
2023-06-30,221.0504,223.4892,219.282,221.7155,221.7155,3154500
2023-07-03,222.197,224.6485,220.4194,222.8656,222.8656,3245580
2023-07-04,223.3229,225.7868,221.5363,223.9948,223.9948,3323380
2023-07-05,224.45,226.9263,222.6544,225.1253,225.1253,3387438
2023-07-06,225.5997,228.0887,223.7949,226.2785,226.2785,3437377
2023-07-07,226.7923,229.2946,224.978,227.4748,227.4748,3472900
2023-07-10,228.0469,230.5629,226.2225,228.7331,228.7331,3493798
2023-07-11,229.3801,231.9109,227.5451,230.0704,230.0704,3499947
2023-07-12,230.8066,233.3531,228.9602,231.5011,231.5011,3491311
2023-07-13,232.338,234.9014,230.4793,233.0371,233.0371,3467940
2023-07-14,233.9828,236.5644,232.1109,234.6869,234.6869,3429974
2023-07-17,235.7463,238.3473,233.8603,236.4556,236.4556,3377636
2023-07-18,237.6299,240.2517,235.7289,238.3449,238.3449,3311236
2023-07-19,239.6315,242.2753,237.7144,240.3525,240.3525,3231167
2023-07-20,241.7448,244.4119,239.8108,242.4722,242.4722,3137903
2023-07-21,243.9595,246.6512,242.0079,244.6936,244.6936,3031994
2023-07-24,246.2616,248.9786,244.2915,247.0026,247.0026,2914067
2023-07-25,248.6328,251.376,246.6437,249.3809,249.3809,2784821
2023-07-26,251.0511,253.821,249.0427,251.8065,251.8065,2645018
2023-07-27,253.4909,256.2877,251.463,254.2537,254.2537,2495486
2023-07-28,255.9235,258.7472,253.8761,256.6936,256.6936,2337110
2023-07-31,258.3173,261.1673,256.2508,259.0946,259.0946,2170826
2023-08-01,260.6384,263.514,258.5533,261.4227,261.4227,1997617
2023-08-02,262.8513,265.7514,260.7485,263.6422,263.6422,1818508
2023-08-03,264.9197,267.8425,262.8003,265.7168,265.7168,1634558
2023-08-04,266.8071,269.7508,264.6726,267.6099,267.6099,1446855
2023-08-07,268.4779,271.44,266.3301,269.2857,269.2857,1256509
2023-08-08,269.8983,272.8761,267.7391,270.7104,270.7104,1064647
2023-08-09,271.0371,274.0275,268.8688,271.8527,271.8527,1127597
2023-08-10,271.8667,274.8663,269.6918,272.6848,272.6848,1319088
2023-08-11,272.364,275.3691,270.1851,273.1836,273.1836,1508691
2023-08-14,272.511,275.5177,270.3309,273.331,273.331,1695286
2023-08-15,272.2955,275.2998,270.1171,273.1148,273.1148,1877768
2023-08-16,271.7114,274.7092,269.5377,272.529,272.529,2055059
2023-08-17,270.7592,273.7465,268.5932,271.5739,271.5739,2226111
2023-08-18,269.4459,272.4187,267.2903,270.2566,270.2566,2389911
2023-08-21,267.7846,270.7391,265.6423,268.5904,268.5904,2545490
2023-08-22,265.7946,268.7272,263.6683,266.5944,266.5944,2691929
2023-08-23,263.5005,266.4078,261.3925,264.2934,264.2934,2828362
2023-08-24,260.9317,263.8106,258.8442,261.7168,261.7168,2953981
2023-08-25,258.1212,260.9691,256.0562,258.8979,258.8979,3068044
2023-08-28,255.1052,257.9198,253.0643,255.8728,255.8728,3169876
2023-08-29,251.9217,254.7012,249.9063,252.6798,252.6798,3258875
2023-08-30,248.6099,251.3528,246.621,249.358,249.358,3334515
2023-08-31,245.2089,247.9143,243.2472,245.9467,245.9467,3396347
2023-09-01,241.757,244.4244,239.823,242.4845,242.4845,3444007
2023-09-04,238.2911,240.9202,236.3848,239.0081,239.0081,3477213
2023-09-05,234.8455,237.4366,232.9667,235.5522,235.5522,3495767
2023-09-06,231.4519,234.0056,229.6003,232.1484,232.1484,3499561
2023-09-07,228.1387,230.6558,226.3136,228.8252,228.8252,3488572
2023-09-08,224.9306,227.4123,223.1311,225.6074,225.6074,3462865
2023-09-11,221.8484,224.2961,220.0736,222.516,222.516,3422592
2023-09-12,218.9091,221.3243,217.1578,219.5678,219.5678,3367991
2023-09-13,216.1256,218.5101,214.3966,216.7759,216.7759,3299386
2023-09-14,213.5069,215.8625,211.7988,214.1493,214.1493,3217181
2023-09-15,211.0581,213.3868,209.3697,211.6932,211.6932,3121863
2023-09-18,208.7809,211.0844,207.1106,209.4091,209.4091,3013996
2023-09-19,206.673,208.9533,205.0196,207.2949,207.2949,2894218
2023-09-20,204.7294,206.9882,203.0916,205.3454,205.3454,2763237
2023-09-21,202.9418,205.1809,201.3182,203.5524,203.5524,2621827
2023-09-22,201.2993,203.5202,199.6889,201.905,201.905,2470826
2023-09-25,199.7886,201.9929,198.1903,200.3897,200.3897,2311126
2023-09-26,198.3944,200.5833,196.8072,198.9913,198.9913,2143672
2023-09-27,197.0996,199.2742,195.5228,197.6927,197.6927,1969454
2023-09-28,195.8859,198.0471,194.3188,196.4753,196.4753,1789502
2023-09-29,194.734,196.8825,193.1761,195.3199,195.3199,1604880
2023-10-02,193.6241,195.7603,192.0751,194.2067,194.2067,1416682
2023-10-03,192.5363,194.6606,190.996,193.1156,193.1156,1226019
2023-10-04,191.4512,193.5635,189.9195,192.0272,192.0272,1034019
2023-10-05,190.35,192.4502,188.8272,190.9228,190.9228,1158181
2023-10-06,189.2155,191.3031,187.7017,189.7848,189.7848,1349446
2023-10-09,188.0318,190.1064,186.5276,188.5976,188.5976,1538645
2023-10-10,186.7856,188.8464,185.2913,187.3476,187.3476,1724658
2023-10-11,185.4655,187.5118,183.9818,186.0236,186.0236,1906385
2023-10-12,184.0634,186.0942,182.5909,184.6172,184.6172,2082752
2023-10-13,182.5737,184.5881,181.1132,183.1231,183.1231,2252715
2023-10-16,180.9944,182.9913,179.5464,181.539,181.539,2415269
2023-10-17,179.3263,181.3048,177.8917,179.8659,179.8659,2569452
2023-10-18,177.5737,179.5328,176.1531,178.108,178.108,2714354
2023-10-19,175.7436,177.6826,174.3377,176.2725,176.2725,2849117
2023-10-20,173.8464,175.7644,172.4556,174.3695,174.3695,2972943
2023-10-23,171.8944,173.791,170.5193,172.4117,172.4117,3085101
2023-10-24,169.9028,171.7774,168.5436,170.414,170.414,3184927
2023-10-25,167.8882,169.7405,166.5451,168.3934,168.3934,3271831
2023-10-26,165.8688,167.6988,164.5418,166.3679,166.3679,3345299
2023-10-27,163.8638,165.6717,162.5528,164.3568,164.3568,3404897
2023-10-30,161.8928,163.679,160.5977,162.38,162.38,3450271
2023-10-31,159.9758,161.7408,158.696,160.4572,160.4572,3481153
2023-11-01,158.1323,159.877,156.8672,158.6081,158.6081,3497362
2023-11-02,156.3812,158.1066,155.1302,156.8518,156.8518,3498800
2023-11-03,154.7406,156.4479,153.5027,155.2062,155.2062,3485460
2023-11-06,153.2273,154.9179,152.0015,153.6884,153.6884,3457420
2023-11-07,151.8567,153.5322,150.6418,152.3136,152.3136,3414847
2023-11-08,150.6427,152.3047,149.4375,151.0959,151.0959,3357991
2023-11-09,149.5973,151.2478,148.4005,150.0475,150.0475,3287190
2023-11-10,148.7311,150.372,147.5412,149.1786,149.1786,3202862
2023-11-13,148.0524,149.6859,146.868,148.4979,148.4979,3105505
2023-11-14,147.568,149.1961,146.3874,148.012,148.012,2995696
2023-11-15,147.2826,148.9076,146.1043,147.7258,147.7258,2874084
2023-11-16,147.1991,148.8232,146.0215,147.642,147.642,2741388
2023-11-17,147.3185,148.9439,146.14,147.7618,147.7618,2598393
2023-11-20,147.6399,149.2689,146.4588,148.0842,148.0842,2445945
2023-11-21,148.1606,149.7953,146.9753,148.6064,148.6064,2284946
2023-11-22,148.8759,150.5184,147.6848,149.3238,149.3238,2116346
2023-11-23,149.7793,151.4318,148.581,150.23,150.23,1941145
2023-11-24,150.8626,152.527,149.6557,151.3165,151.3165,1760377
2023-11-27,152.1157,153.794,150.8987,152.5734,152.5734,1575112
2023-11-28,153.5268,155.2207,152.2986,153.9888,153.9888,1386446
2023-11-29,155.0826,156.7937,153.842,155.5493,155.5493,1195494
2023-11-30,156.7682,158.4978,155.514,157.2399,157.2399,1003387
2023-12-01,158.5671,160.3166,157.2986,159.0443,159.0443,1188740
2023-12-04,160.462,162.2324,159.1783,160.9449,160.9449,1379752
2023-12-05,162.4345,164.2266,161.135,162.9232,162.9232,1568518
2023-12-06,164.4654,166.28,163.1497,164.9603,164.9603,1753921
2023-12-07,166.5354,168.3728,165.2031,167.0365,167.0365,1934866
2023-12-08,168.6251,170.4855,167.2761,169.1325,169.1325,2110281
2023-12-11,170.7155,172.5991,169.3498,171.2292,171.2292,2279130
2023-12-12,172.7887,174.695,171.4063,173.3086,173.3086,2440414
2023-12-13,174.8276,176.7565,173.429,175.3537,175.3537,2593179
2023-12-14,176.8173,178.7682,175.4028,177.3494,177.3494,2736522
2023-12-15,178.7447,180.7168,177.3147,179.2825,179.2825,2869594
2023-12-18,180.5991,182.5917,179.1543,181.1426,181.1426,2991609
2023-12-19,182.3728,184.3849,180.9138,182.9215,182.9215,3101845
2023-12-20,184.0607,186.0914,182.5882,184.6145,184.6145,3199650
2023-12-21,185.6611,187.7095,184.1758,186.2198,186.2198,3284446
2023-12-22,187.1755,189.2406,185.6781,187.7387,187.7387,3355732
2023-12-25,188.6083,190.6892,187.0994,189.1758,189.1758,3413085
2023-12-26,189.9672,192.0631,188.4475,190.5388,190.5388,3456166
2023-12-27,191.2626,193.3728,189.7325,191.8381,191.8381,3484721
2023-12-28,192.5075,194.6314,190.9674,193.0867,193.0867,3498581
2023-12-29,193.7171,195.8544,192.1674,194.3,194.3,3497663
2024-01-01,194.9085,197.0589,193.3492,195.495,195.495,3481974
2024-01-02,196.1001,198.2637,194.5313,196.6902,196.6902,3451606
2024-01-03,197.3114,199.4884,195.7329,197.9051,197.9051,3406738
2024-01-04,198.5623,200.753,196.9738,199.1598,199.1598,3347637
2024-01-05,199.8726,202.0779,198.2737,200.4741,200.4741,3274650
2024-01-08,201.262,203.4826,199.6519,201.8676,201.8676,3188211
2024-01-09,202.7491,204.986,201.1271,203.3591,203.3591,3088831
2024-01-10,204.3512,206.6058,202.7163,204.9661,204.9661,2977096
2024-01-11,206.0841,208.3578,204.4354,206.7042,206.7042,2853669
2024-01-12,207.9615,210.2559,206.2978,208.5873,208.5873,2719278
2024-01-15,209.9948,212.3117,208.3149,210.6267,210.6267,2574719
2024-01-16,212.1928,214.534,210.4953,212.8313,212.8313,2420847
2024-01-17,214.5612,216.9285,212.8448,215.2069,215.2069,2258572
2024-01-18,217.1027,219.498,215.3659,217.756,217.756,2088853
2024-01-19,219.8164,222.2417,218.0579,220.4778,220.4778,1912695
2024-01-22,222.6979,225.1549,220.9163,223.368,223.368,1731138
2024-01-23,225.739,228.2296,223.9331,226.4182,226.4182,1545258
2024-01-24,228.9276,231.4534,227.0962,229.6165,229.6165,1356152
2024-01-25,232.2478,234.8102,230.3898,232.9466,232.9466,1164941
2024-01-26,235.6796,238.2799,233.7942,236.3888,236.3888,1027246
2024-01-29,239.1994,241.8385,237.2858,239.9191,239.9191,1219272
2024-01-30,242.7796,245.4582,240.8374,243.5101,243.5101,1410001
2024-01-31,246.3896,249.1081,244.4185,247.131,247.131,1598306
2024-02-01,249.9957,252.754,247.9958,250.748,250.748,1783071
2024-02-02,253.5617,256.3593,251.5332,254.3247,254.3247,1963206
2024-02-05,257.0496,259.8857,254.9932,257.8231,257.8231,2137644
2024-02-06,260.4202,263.2935,258.3369,261.2038,261.2038,2305354
2024-02-07,263.6341,266.5429,261.5251,264.4274,264.4274,2465343
2024-02-08,266.6525,269.5945,264.5193,267.4549,267.4549,2616666
2024-02-09,269.4381,272.4108,267.2826,270.2488,270.2488,2758428
2024-02-12,271.956,274.9566,269.7804,272.7744,272.7744,2889790
2024-02-13,274.1751,277.2001,271.9817,275.0001,275.0001,3009975
2024-02-14,276.0682,279.1141,273.8596,276.8989,276.8989,3118273
2024-02-15,277.6135,280.6765,275.3926,278.4489,278.4489,3214043
2024-02-16,278.795,281.871,276.5647,279.6339,279.6339,3296718
2024-02-19,279.6029,282.6877,277.366,280.4442,280.4442,3365811
2024-02-20,280.0338,283.1234,277.7935,280.8764,280.8764,3420911
2024-02-21,280.0911,283.1814,277.8504,280.9339,280.9339,3461693
2024-02-22,279.7848,282.8717,277.5465,280.6266,280.6266,3487916
2024-02-23,279.1308,282.2105,276.8978,279.9707,279.9707,3499425
2024-02-26,278.1509,281.2198,275.9257,278.9879,278.9879,3496152
2024-02-27,276.8717,279.9265,274.6567,277.7048,277.7048,3478116
2024-02-28,275.324,278.3617,273.1214,276.1525,276.1525,3445424
2024-02-29,273.5419,276.5599,271.3535,274.3649,274.3649,3398269
2024-03-01,271.5614,274.5576,269.389,272.3786,272.3786,3336930
2024-03-04,269.4203,272.3929,267.265,270.231,270.231,3261770
2024-03-05,267.1564,270.1039,265.0191,267.9603,267.9603,3173233
2024-03-06,264.8068,267.7285,262.6884,265.6036,265.6036,3071843
2024-03-07,262.4075,265.3027,260.3082,263.1971,263.1971,2958200
2024-03-08,259.9921,262.8606,257.9122,260.7744,260.7744,2832975
2024-03-11,257.5916,260.4336,255.5308,258.3667,258.3667,2696910
2024-03-12,255.2335,258.0495,253.1916,256.0015,256.0015,2550809
2024-03-13,252.9418,255.7326,250.9183,253.703,253.703,2395536
2024-03-14,250.7366,253.503,248.7307,251.4911,251.4911,2232010
2024-03-15,248.6337,251.3769,246.6446,249.3818,249.3818,2061197
2024-03-18,246.6447,249.3659,244.6715,247.3868,247.3868,1884108
2024-03-19,244.7769,247.4776,242.8187,245.5135,245.5135,1701790
2024-03-20,243.0337,245.7151,241.0895,243.765,243.765,1515321
2024-03-21,241.4142,244.0777,239.4829,242.1406,242.1406,1325805
2024-03-22,239.9136,242.5606,237.9943,240.6355,240.6355,1134362
2024-03-25,238.5238,241.1554,236.6156,239.2415,239.2415,1057875
2024-03-26,237.233,239.8504,235.3351,237.9468,237.9468,1249770
2024-03-27,236.0266,238.6307,234.1384,236.7368,236.7368,1440189
2024-03-28,234.8874,237.479,233.0083,235.5942,235.5942,1628003
2024-03-29,233.7961,236.3756,231.9257,234.4996,234.4996,1812104
2024-04-01,232.7314,235.2991,230.8695,233.4317,233.4317,1991402
2024-04-02,231.6711,234.2271,229.8177,232.3682,232.3682,2164836
2024-04-03,230.5921,233.1363,228.7474,231.286,231.286,2331381
2024-04-04,229.4716,232.0033,227.6358,230.162,230.162,2490052
2024-04-05,228.2868,230.8055,226.4605,228.9737,228.9737,2639911
2024-04-08,227.0164,229.5211,225.2003,227.6995,227.6995,2780071
2024-04-09,225.6407,228.1302,223.8356,226.3197,226.3197,2909703
2024-04-10,224.1423,226.6153,222.3492,224.8168,224.8168,3028040
2024-04-11,222.5066,224.9615,220.7265,223.1761,223.1761,3134383
2024-04-12,220.7222,223.1575,218.9564,221.3864,221.3864,3228103
2024-04-15,218.7815,221.1953,217.0312,219.4398,219.4398,3308646
2024-04-16,216.6806,219.0713,214.9472,217.3326,217.3326,3375534
2024-04-17,214.4199,216.7856,212.7045,215.0651,215.0651,3428373
2024-04-18,212.0037,214.3428,210.3077,212.6416,212.6416,3466850
2024-04-19,209.4405,211.7513,207.765,210.0707,210.0707,3490737
2024-04-22,206.7426,209.0236,205.0886,207.3647,207.3647,3499894
2024-04-23,203.9256,206.1755,202.2942,204.5392,204.5392,3494266
2024-04-24,201.0084,203.2262,199.4004,201.6133,201.6133,3473886
2024-04-25,198.0125,200.1972,196.4284,198.6083,198.6083,3438874
2024-04-26,194.9612,197.1123,193.4016,195.5479,195.5479,3389439
2024-04-29,191.8795,193.9965,190.3445,192.4569,192.4569,3325872
2024-04-30,188.793,190.8759,187.2826,189.3611,189.3611,3248549
2024-05-01,185.7276,187.7767,184.2418,186.2865,186.2865,3157928
2024-05-02,182.709,184.7248,181.2473,183.2588,183.2588,3054544
2024-05-03,179.762,181.7453,178.3239,180.3029,180.3029,2939009
2024-05-06,176.9101,178.862,175.4948,177.4424,177.4424,2812007
2024-05-07,174.1753,176.097,172.7819,174.6994,174.6994,2674287
2024-05-08,171.5775,173.4706,170.2049,172.0938,172.0938,2526666
2024-05-09,169.1346,171.0007,167.7816,169.6436,169.6436,2370015
2024-05-10,166.8622,168.7032,165.5273,167.3643,167.3643,2205262
2024-05-13,164.7733,166.5913,163.4551,165.2691,165.2691,2033381
2024-05-14,162.8786,164.6757,161.5756,163.3687,163.3687,1855388
2024-05-15,161.1864,162.9648,159.8969,161.6714,161.6714,1672336
2024-05-16,159.7025,161.4645,158.4248,160.183,160.183,1485307
2024-05-17,158.4303,160.1782,157.1628,158.907,158.907,1295409
2024-05-20,157.371,159.1073,156.112,157.8445,157.8445,1103763
2024-05-21,156.5237,158.2506,155.2715,156.9946,156.9946,1088495
2024-05-22,155.8851,157.605,154.6381,156.3542,156.3542,1280231
2024-05-23,155.4504,157.1655,154.2068,155.9181,155.9181,1470310
2024-05-24,155.2123,156.9248,153.9706,155.6794,155.6794,1657607
2024-05-27,155.1623,156.8742,153.921,155.6291,155.6291,1841015
2024-05-28,155.2897,157.003,154.0473,155.7569,155.7569,2019449
2024-05-29,155.5825,157.299,154.3378,156.0506,156.0506,2191853
2024-05-30,156.0272,157.7487,154.779,156.4967,156.4967,2357209
2024-05-31,156.6092,158.3371,155.3563,157.0804,157.0804,2514538
2024-06-03,157.3125,159.0481,156.054,157.7858,157.7858,2662909
2024-06-04,158.1203,159.8648,156.8553,158.5961,158.5961,2801446
2024-06-05,159.0152,160.7697,157.7431,159.4937,159.4937,2929329
2024-06-06,159.9795,161.7445,158.6996,160.4608,160.4608,3045800
2024-06-07,160.995,162.7713,159.7071,161.4795,161.4795,3150173
2024-06-10,162.0442,163.8321,160.7479,162.5318,162.5318,3241829
2024-06-11,163.1099,164.9095,161.805,163.6007,163.6007,3320226
2024-06-12,164.1757,165.9871,162.8623,164.6697,164.6697,3384901
2024-06-13,165.2268,167.0498,163.905,165.724,165.724,3435471
2024-06-14,166.2498,168.084,164.9198,166.75,166.75,3471637
2024-06-17,167.2332,169.0783,165.8954,167.7365,167.7365,3493185
2024-06-18,168.1681,170.0235,166.8227,168.6741,168.6741,3499988
2024-06-19,169.0476,170.9127,167.6952,169.5563,169.5563,3492005
2024-06-20,169.8679,171.7421,168.509,170.379,170.379,3469284
2024-06-21,170.6278,172.5104,169.2628,171.1412,171.1412,3431959
2024-06-24,171.3291,173.2194,169.9584,171.8446,171.8446,3380251
2024-06-25,171.9762,173.8736,170.6004,172.4937,172.4937,3314465
2024-06-26,172.5765,174.4805,171.1959,173.0958,173.0958,3234991
2024-06-27,173.1397,175.05,171.7546,173.6607,173.6607,3142299
2024-06-28,173.6781,175.5943,172.2886,174.2007,174.2007,3036937
2024-07-01,174.2057,176.1277,172.8121,174.7299,174.7299,2919527
2024-07-02,174.7386,176.6665,173.3407,175.2644,175.2644,2790766
2024-07-03,175.2939,177.2279,173.8915,175.8213,175.8213,2651413
2024-07-04,175.8898,177.8304,174.4827,176.4191,176.4191,2502293
2024-07-05,176.5452,178.4931,175.1329,177.0765,177.0765,2344289
2024-07-08,177.2791,179.235,175.8609,177.8125,177.8125,2178334
2024-07-09,178.1102,180.0753,176.6853,178.6462,178.6462,2005410
2024-07-10,179.057,181.0326,177.6245,179.5958,179.5958,1826539
2024-07-11,180.1369,182.1243,178.6958,180.6789,180.6789,1642781
2024-07-12,181.3661,183.3672,179.9152,181.9119,181.9119,1455221
2024-07-15,182.7597,184.7761,181.2976,183.3096,183.3096,1264968
2024-07-16,184.3307,186.3645,182.8561,184.8854,184.8854,1073149
2024-07-17,186.0903,188.1435,184.6016,186.6503,186.6503,1119102
2024-07-18,188.0475,190.1223,186.5432,188.6134,188.6134,1310650
2024-07-19,190.2089,192.3075,188.6872,190.7812,190.7812,1500361
2024-07-22,192.5782,194.703,191.0376,193.1577,193.1577,1687112
2024-07-23,195.1567,197.3098,193.5954,195.7439,195.7439,1869799
2024-07-24,197.9422,200.1261,196.3587,198.5378,198.5378,2047343
2024-07-25,200.9297,203.1465,199.3222,201.5343,201.5343,2218692
2024-07-26,204.1106,206.3626,202.4777,204.7248,204.7248,2382833
2024-07-29,207.4731,209.7622,205.8133,208.0974,208.0974,2538796
2024-07-30,211.0018,213.3298,209.3138,211.6367,211.6367,2685658
2024-07-31,214.6778,217.0464,212.9604,215.3238,215.3238,2822551
2024-08-01,218.4788,220.8893,216.731,219.1362,219.1362,2948665
2024-08-02,222.3793,224.8328,220.6003,223.0484,223.0484,3063254
2024-08-05,226.3507,228.848,224.5399,227.0318,227.0318,3165640
2024-08-06,230.3617,232.9033,228.5188,231.0548,231.0548,3255218
2024-08-07,234.3788,236.9647,232.5038,235.0841,235.0841,3331458
2024-08-08,238.3669,240.9969,236.46,239.0842,239.0842,3393910
2024-08-09,242.2898,244.963,240.3515,243.0188,243.0188,3442203
2024-08-12,246.1108,248.8262,244.142,246.8514,246.8514,3476052
2024-08-13,249.7941,252.5501,247.7957,250.5457,250.5457,3495258
2024-08-14,253.3048,256.0996,251.2784,254.067,254.067,3499706
2024-08-15,256.6106,259.4418,254.5577,257.3828,257.3828,3489370
2024-08-16,259.682,262.5471,257.6046,260.4634,260.4634,3464311
2024-08-19,262.4935,265.3896,260.3935,263.2833,263.2833,3424678
2024-08-20,265.0239,267.9479,262.9037,265.8214,265.8214,3370705
2024-08-21,267.2575,270.2062,265.1194,268.0617,268.0617,3302711
2024-08-22,269.1838,272.1537,267.0303,269.9938,269.9938,3221098
2024-08-23,270.7983,273.7861,268.632,271.6132,271.6132,3126348
2024-08-26,272.1025,275.1046,269.9256,272.9212,272.9212,3019023
2024-08-27,273.1033,276.1165,270.9185,273.9251,273.9251,2899758
2024-08-28,273.8134,276.8344,271.6229,274.6373,274.6373,2769256
2024-08-29,274.2505,277.2763,272.0565,275.0757,275.0757,2628291
2024-08-30,274.4365,277.4644,272.241,275.2623,275.2623,2477695
2024-09-02,274.3972,277.4246,272.202,275.2228,275.2228,2318360
2024-09-03,274.1612,277.186,271.9679,274.9861,274.9861,2151228
2024-09-04,273.7591,276.7795,271.569,274.5829,274.5829,1977288
2024-09-05,273.2228,276.2373,271.037,274.0449,274.0449,1797567
2024-09-06,272.5843,275.5918,270.4036,273.4045,273.4045,1613129
2024-09-09,271.8752,274.8749,269.7002,272.6933,272.6933,1425066
2024-09-10,271.1258,274.1172,268.9568,271.9416,271.9416,1234488
2024-09-11,270.3643,273.3473,268.2014,271.1779,271.1779,1042523
2024-09-12,269.6165,272.5912,267.4596,270.4278,270.4278,1149692
2024-09-13,268.9049,271.8717,266.7536,269.714,269.714,1341022
2024-09-16,268.2486,271.2082,266.1026,269.0558,269.0558,1530336
2024-09-17,267.6629,270.616,265.5216,268.4683,268.4683,1716514
2024-09-18,267.1589,270.1065,265.0216,267.9628,267.9628,1898453
2024-09-19,266.7435,269.6865,264.6095,267.5461,267.5461,2075079
2024-09-20,266.4193,269.3587,264.288,267.221,267.221,2245347
2024-09-23,266.1846,269.1215,264.0552,266.9856,266.9856,2408249
2024-09-24,266.0335,268.9687,263.9053,266.834,266.834,2562823
2024-09-25,265.9559,268.8902,263.8283,266.7562,266.7562,2708154
2024-09-26,265.9379,268.872,263.8103,266.7381,266.7381,2843382
2024-09-27,265.9618,268.8962,263.8341,266.7621,266.7621,2967708
2024-09-30,266.0071,268.9419,263.879,266.8075,266.8075,3080397
2024-10-01,266.05,268.9853,263.9216,266.8505,266.8505,3180782
2024-10-02,266.0648,269.0003,263.9363,266.8654,266.8654,3268268
2024-10-03,266.0239,268.9589,263.8957,266.8243,266.8243,3342340
2024-10-04,265.8986,268.8323,263.7714,266.6987,266.6987,3402559
2024-10-07,265.6601,268.5912,263.5348,266.4595,266.4595,3448568
2024-10-08,265.2798,268.2066,263.1575,266.078,266.078,3480096
2024-10-09,264.7302,267.651,262.6124,265.5268,265.5268,3496956
2024-10-10,263.9861,266.8987,261.8742,264.7805,264.7805,3499049
2024-10-11,263.0247,265.9267,260.9205,263.8162,263.8162,3486361
2024-10-14,261.8269,264.7157,259.7323,262.6147,262.6147,3458969
2024-10-15,260.3775,263.2503,258.2945,261.161,261.161,3417033
2024-10-16,258.6661,261.5199,256.5967,259.4444,259.4444,3360803
2024-10-17,256.6872,259.5193,254.6337,257.4596,257.4596,3290610
2024-10-18,254.4409,257.2481,252.4053,255.2065,255.2065,3206870
2024-10-21,251.9324,254.712,249.9169,252.6904,252.6904,3110079
2024-10-22,249.1724,251.9215,247.179,249.9221,249.9221,3000807
2024-10-23,246.1767,248.8928,244.2073,246.9175,246.9175,2879702
2024-10-24,242.9659,245.6466,241.0222,243.697,243.697,2747481
2024-10-25,239.5646,242.2078,237.6481,240.2855,240.2855,2604924
2024-10-28,236.001,238.6048,234.113,236.7112,236.7112,2452875
2024-10-29,232.3061,234.8692,230.4477,233.0051,233.0051,2292234
2024-10-30,228.5128,231.034,226.6847,229.2004,229.2004,2123950
2024-10-31,224.6552,227.1339,222.858,225.3312,225.3312,1949019
2024-11-01,220.7678,223.2036,219.0017,221.4321,221.4321,1768475
2024-11-04,216.8847,219.2776,215.1496,217.5373,217.5373,1583386
2024-11-05,213.0388,215.3893,211.3345,213.6799,213.6799,1394847
2024-11-06,209.2614,211.5702,207.5873,209.891,209.891,1203972
2024-11-07,205.5814,207.8496,203.9368,206.2,206.2,1011892
2024-11-08,202.0254,204.2544,200.4092,202.6333,202.6333,1180258
2024-11-11,198.6168,200.8081,197.0278,199.2144,199.2144,1371343
2024-11-12,195.3758,197.5314,193.8128,195.9637,195.9637,1560232
2024-11-13,192.3194,194.4413,190.7809,192.8981,192.8981,1745808
2024-11-14,189.4615,191.5519,187.9458,190.0316,190.0316,1926972
2024-11-15,186.8123,188.8735,185.3178,187.3745,187.3745,2102654
2024-11-18,184.3791,186.4134,182.9041,184.9339,184.9339,2271815
2024-11-19,182.1659,184.1757,180.7086,182.714,182.714,2433454
2024-11-20,180.1738,182.1616,178.7324,180.7159,180.7159,2586615
2024-11-21,178.401,180.3693,176.9738,178.9378,178.9378,2730393
2024-11-22,176.8433,178.7944,175.4286,177.3754,177.3754,2863937
2024-11-25,175.4939,177.4301,174.0899,176.022,176.022,2986456
2024-11-26,174.3437,176.2673,172.949,174.8683,174.8683,3097228
2024-11-27,173.3818,175.2947,171.9947,173.9035,173.9035,3195596
2024-11-28,172.5951,174.4994,171.2143,173.1144,173.1144,3280978
2024-11-29,171.9692,173.8666,170.5935,172.4867,172.4867,3352871
2024-12-02,171.4883,173.3803,170.1164,172.0043,172.0043,3410848
2024-12-03,171.1352,173.0233,169.7661,171.6501,171.6501,3454566
2024-12-04,170.8919,172.7774,169.5248,171.4062,171.4062,3483768
2024-12-05,170.7401,172.6239,169.3742,171.2539,171.2539,3498280
2024-12-06,170.6609,172.5438,169.2956,171.1744,171.1744,3498017
2024-12-09,170.6354,172.5181,169.2704,171.1489,171.1489,3482979
2024-12-10,170.6454,172.5281,169.2802,171.1589,171.1589,3453257
2024-12-11,170.6731,172.5562,169.3077,171.1867,171.1867,3409026
2024-12-12,170.702,172.5854,169.3364,171.2157,171.2157,3350547
2024-12-13,170.717,172.6006,169.3513,171.2307,171.2307,3278166
2024-12-16,170.7048,172.5883,169.3392,171.2185,171.2185,3192312
2024-12-17,170.6543,172.5371,169.289,171.1678,171.1678,3093492
2024-12-18,170.5565,172.4382,169.192,171.0697,171.0697,2982290
2024-12-19,170.4053,172.2854,169.042,170.918,170.918,2859365
2024-12-20,170.1971,172.0749,168.8355,170.7093,170.7093,2725443
2024-12-23,169.9315,171.8063,168.572,170.4428,170.4428,2581316
2024-12-24,169.6105,171.4818,168.2536,170.1209,170.1209,2427837
2024-12-25,169.2393,171.1066,167.8854,169.7486,169.7486,2265914
2024-12-26,168.8256,170.6883,167.475,169.3336,169.3336,2096503
2024-12-27,168.3795,170.2373,167.0325,168.8862,168.8862,1920608
2024-12-30,167.9135,169.7661,166.5702,168.4188,168.4188,1739267
2024-12-31,167.4419,169.2893,166.1024,167.9458,167.9458,1553555
